title,date,startAt,endAt,description,executionMode,projects,lifeArea
Просыпание,2025-06-01,01:30,01:45,,SELF,Сон и восстановление,Уход за собой
в спортзал,2025-06-01,03:00,03:15,,SELF,Здоровье и спорт,Крепкое здоровье
в спортзал,2025-06-01,03:15,03:30,,SELF,Здоровье и спорт,Крепкое здоровье
Спортзал,2025-06-01,03:30,03:45,,SELF,Здоровье и спорт,Крепкое здоровье
Спортзал,2025-06-01,03:45,04:00,,SELF,Здоровье и спорт,Крепкое здоровье
Спортзал,2025-06-01,04:00,04:15,,SELF,Здоровье и спорт,Крепкое здоровье
Спортзал,2025-06-01,04:15,04:30,,SELF,Здоровье и спорт,Крепкое здоровье
Спортзал,2025-06-01,04:30,04:45,,SELF,Здоровье и спорт,Крепкое здоровье
в спортзал,2025-06-01,04:45,05:00,,SELF,Здоровье и спорт,Крепкое здоровье
в спортзал,2025-06-01,05:00,05:15,,SELF,Здоровье и спорт,Крепкое здоровье
Просыпание,2025-06-02,01:30,01:45,,SELF,Сон и восстановление,Уход за собой
Тренировка,2025-06-02,08:00,08:15,,SELF,Здоровье и спорт,Крепкое здоровье
Тренировка,2025-06-02,08:15,08:30,,SELF,Здоровье и спорт,Крепкое здоровье
Муз курсы,2025-06-02,09:45,10:00,,SELF,Обучение профессии музыкант,Мощное творчество
Муз курсы,2025-06-02,10:00,10:15,,SELF,Обучение профессии музыкант,Мощное творчество
Муз курсы,2025-06-02,10:15,10:30,,SELF,Обучение профессии музыкант,Мощное творчество
Муз курсы,2025-06-02,10:30,10:45,,SELF,Обучение профессии музыкант,Мощное творчество
Муз курсы,2025-06-02,10:45,11:00,,SELF,Обучение профессии музыкант,Мощное творчество
Муз курсы,2025-06-02,11:00,11:15,,SELF,Обучение профессии музыкант,Мощное творчество
Муз курсы,2025-06-02,11:15,11:30,,SELF,Обучение профессии музыкант,Мощное творчество
Муз курсы,2025-06-02,11:30,11:45,,SELF,Обучение профессии музыкант,Мощное творчество
Муз курсы,2025-06-02,11:45,12:00,,SELF,Обучение профессии музыкант,Мощное творчество
Муз курсы,2025-06-02,12:00,12:15,,SELF,Обучение профессии музыкант,Мощное творчество
Муз курсы,2025-06-02,12:15,12:30,,SELF,Обучение профессии музыкант,Мощное творчество
Муз курсы,2025-06-02,12:30,12:45,,SELF,Обучение профессии музыкант,Мощное творчество
Муз курсы,2025-06-02,12:45,13:00,,SELF,Обучение профессии музыкант,Мощное творчество
Просыпание,2025-06-03,01:30,01:45,,SELF,Сон и восстановление,Уход за собой
Тренировка,2025-06-03,04:30,04:45,,SELF,Здоровье и спорт,Крепкое здоровье
Тренировка,2025-06-03,04:45,05:00,,SELF,Здоровье и спорт,Крепкое здоровье
в спортзал,2025-06-03,10:30,10:45,,SELF,Здоровье и спорт,Крепкое здоровье
в спортзал,2025-06-03,10:45,11:00,,SELF,Здоровье и спорт,Крепкое здоровье
Спортзал,2025-06-03,11:00,11:15,,SELF,Здоровье и спорт,Крепкое здоровье
Спортзал,2025-06-03,11:15,11:30,,SELF,Здоровье и спорт,Крепкое здоровье
Спортзал,2025-06-03,11:30,11:45,,SELF,Здоровье и спорт,Крепкое здоровье
Спортзал,2025-06-03,11:45,12:00,,SELF,Здоровье и спорт,Крепкое здоровье
Спортзал,2025-06-03,12:00,12:15,,SELF,Здоровье и спорт,Крепкое здоровье
в спортзал,2025-06-03,12:15,12:30,,SELF,Здоровье и спорт,Крепкое здоровье
в спортзал,2025-06-03,12:30,12:45,,SELF,Здоровье и спорт,Крепкое здоровье
Просыпание,2025-06-04,01:30,01:45,,SELF,Сон и восстановление,Уход за собой
Тренировка,2025-06-04,04:30,04:45,,SELF,Здоровье и спорт,Крепкое здоровье
Тренировка,2025-06-04,04:45,05:00,,SELF,Здоровье и спорт,Крепкое здоровье
Java,2025-06-04,09:45,10:00,,SELF,Обучение профессии QA-инженер,Мощное творчество
Java,2025-06-04,11:45,12:00,,SELF,Обучение профессии QA-инженер,Мощное творчество
Java,2025-06-04,12:45,13:00,,SELF,Обучение профессии QA-инженер,Мощное творчество
Просыпание,2025-06-05,01:30,01:45,,SELF,Сон и восстановление,Уход за собой
Тренировка,2025-06-05,05:45,06:00,,SELF,Здоровье и спорт,Крепкое здоровье
Тренировка,2025-06-05,06:00,06:15,,SELF,Здоровье и спорт,Крепкое здоровье
Тренировка,2025-06-05,06:15,06:30,,SELF,Здоровье и спорт,Крепкое здоровье
в кампус,2025-06-05,07:00,07:15,,SELF,Бытовые дела,Уход за собой
в кампус,2025-06-05,07:15,07:30,,SELF,Бытовые дела,Уход за собой
в кампус,2025-06-05,07:30,07:45,,SELF,Бытовые дела,Уход за собой
в кампус,2025-06-05,07:45,08:00,,SELF,Бытовые дела,Уход за собой
в кампус,2025-06-05,08:30,08:45,,SELF,Бытовые дела,Уход за собой
в кампус,2025-06-05,08:45,09:00,,SELF,Бытовые дела,Уход за собой
в кампус,2025-06-05,09:00,09:15,,SELF,Бытовые дела,Уход за собой
в кампус,2025-06-05,09:15,09:30,,SELF,Бытовые дела,Уход за собой
в кампус,2025-06-05,09:30,09:45,,SELF,Бытовые дела,Уход за собой
в кампус,2025-06-05,09:45,10:00,,SELF,Бытовые дела,Уход за собой
в кампус,2025-06-05,10:00,10:15,,SELF,Бытовые дела,Уход за собой
Java,2025-06-05,10:30,10:45,,SELF,Обучение профессии QA-инженер,Мощное творчество
Поиск вакансий,2025-06-05,11:00,11:15,,SELF,Обучение профессии QA-инженер,Мощное творчество
Поиск вакансий,2025-06-05,11:15,11:30,,SELF,Обучение профессии QA-инженер,Мощное творчество
Поиск вакансий,2025-06-05,11:30,11:45,,SELF,Обучение профессии QA-инженер,Мощное творчество
Поиск вакансий,2025-06-05,11:45,12:00,,SELF,Обучение профессии QA-инженер,Мощное творчество
Java,2025-06-05,12:15,12:30,,SELF,Обучение профессии QA-инженер,Мощное творчество
Java,2025-06-05,12:30,12:45,,SELF,Обучение профессии QA-инженер,Мощное творчество
Java,2025-06-05,12:45,13:00,,SELF,Обучение профессии QA-инженер,Мощное творчество
Просыпание,2025-06-06,01:30,01:45,,SELF,Сон и восстановление,Уход за собой
Тренировка,2025-06-06,04:30,04:45,,SELF,Здоровье и спорт,Крепкое здоровье
Тренировка,2025-06-06,04:45,05:00,,SELF,Здоровье и спорт,Крепкое здоровье
Java,2025-06-06,11:30,11:45,,SELF,Обучение профессии QA-инженер,Мощное творчество
Java,2025-06-06,11:45,12:00,,SELF,Обучение профессии QA-инженер,Мощное творчество
Java,2025-06-06,12:00,12:15,,SELF,Обучение профессии QA-инженер,Мощное творчество
Java,2025-06-06,12:45,13:00,,SELF,Обучение профессии QA-инженер,Мощное творчество
Java,2025-06-06,13:00,13:15,,SELF,Обучение профессии QA-инженер,Мощное творчество
Java,2025-06-06,13:15,13:30,,SELF,Обучение профессии QA-инженер,Мощное творчество
Java,2025-06-06,13:30,13:45,,SELF,Обучение профессии QA-инженер,Мощное творчество
Java,2025-06-06,13:45,14:00,,SELF,Обучение профессии QA-инженер,Мощное творчество
Просыпание,2025-06-07,01:30,01:45,,SELF,Сон и восстановление,Уход за собой
Стоматолог,2025-06-07,04:00,04:15,,SELF,Здоровье и спорт,Крепкое здоровье
Стоматолог,2025-06-07,04:15,04:30,,SELF,Здоровье и спорт,Крепкое здоровье
Стоматолог,2025-06-07,04:30,04:45,,SELF,Здоровье и спорт,Крепкое здоровье
Стоматолог,2025-06-07,04:45,05:00,,SELF,Здоровье и спорт,Крепкое здоровье
Стоматолог,2025-06-07,05:00,05:15,,SELF,Здоровье и спорт,Крепкое здоровье
Стоматолог,2025-06-07,05:15,05:30,,SELF,Здоровье и спорт,Крепкое здоровье
Стоматолог,2025-06-07,05:30,05:45,,SELF,Здоровье и спорт,Крепкое здоровье
Стоматолог,2025-06-07,05:45,06:00,,SELF,Здоровье и спорт,Крепкое здоровье
Муз курсы,2025-06-07,07:45,08:00,,SELF,Обучение профессии музыкант,Мощное творчество
Муз курсы,2025-06-07,08:00,08:15,,SELF,Обучение профессии музыкант,Мощное творчество
Муз курсы,2025-06-07,08:15,08:30,,SELF,Обучение профессии музыкант,Мощное творчество
Муз курсы,2025-06-07,08:30,08:45,,SELF,Обучение профессии музыкант,Мощное творчество
Муз курсы,2025-06-07,08:45,09:00,,SELF,Обучение профессии музыкант,Мощное творчество
Муз курсы,2025-06-07,09:00,09:15,,SELF,Обучение профессии музыкант,Мощное творчество
Муз курсы,2025-06-07,09:15,09:30,,SELF,Обучение профессии музыкант,Мощное творчество
Муз курсы,2025-06-07,09:30,09:45,,SELF,Обучение профессии музыкант,Мощное творчество
Муз курсы,2025-06-07,09:45,10:00,,SELF,Обучение профессии музыкант,Мощное творчество
Просыпание,2025-06-08,01:30,01:45,,SELF,Сон и восстановление,Уход за собой
в спортзал,2025-06-08,03:00,03:15,,SELF,Здоровье и спорт,Крепкое здоровье
в спортзал,2025-06-08,03:15,03:30,,SELF,Здоровье и спорт,Крепкое здоровье
Спортзал,2025-06-08,03:30,03:45,,SELF,Здоровье и спорт,Крепкое здоровье
Спортзал,2025-06-08,03:45,04:00,,SELF,Здоровье и спорт,Крепкое здоровье
Спортзал,2025-06-08,04:00,04:15,,SELF,Здоровье и спорт,Крепкое здоровье
Спортзал,2025-06-08,04:15,04:30,,SELF,Здоровье и спорт,Крепкое здоровье
Спортзал,2025-06-08,04:30,04:45,,SELF,Здоровье и спорт,Крепкое здоровье
в спортзал,2025-06-08,04:45,05:00,,SELF,Здоровье и спорт,Крепкое здоровье
в спортзал,2025-06-08,05:00,05:15,,SELF,Здоровье и спорт,Крепкое здоровье
Просыпание,2025-06-09,01:30,01:45,,SELF,Сон и восстановление,Уход за собой
Музыка,2025-06-09,05:00,05:15,,SELF,Обучение профессии музыкант,Мощное творчество
Музыка,2025-06-09,05:15,05:30,,SELF,Обучение профессии музыкант,Мощное творчество
Музыка,2025-06-09,05:30,05:45,,SELF,Обучение профессии музыкант,Мощное творчество
Java. Видео,2025-06-09,08:00,08:15,,SELF,Обучение профессии QA-инженер,Мощное творчество
Java. Видео,2025-06-09,08:15,08:30,,SELF,Обучение профессии QA-инженер,Мощное творчество
Java. Видео,2025-06-09,09:15,09:30,,SELF,Обучение профессии QA-инженер,Мощное творчество
Java,2025-06-09,09:30,09:45,,SELF,Обучение профессии QA-инженер,Мощное творчество
Java,2025-06-09,09:45,10:00,,SELF,Обучение профессии QA-инженер,Мощное творчество
Java,2025-06-09,10:00,10:15,,SELF,Обучение профессии QA-инженер,Мощное творчество
Муз курсы,2025-06-09,12:45,13:00,,SELF,Обучение профессии музыкант,Мощное творчество
Муз курсы,2025-06-09,13:00,13:15,,SELF,Обучение профессии музыкант,Мощное творчество
Муз курсы,2025-06-09,13:15,13:30,,SELF,Обучение профессии музыкант,Мощное творчество
Муз курсы,2025-06-09,13:30,13:45,,SELF,Обучение профессии музыкант,Мощное творчество
Муз курсы,2025-06-09,13:45,14:00,,SELF,Обучение профессии музыкант,Мощное творчество
Муз курсы,2025-06-09,14:00,14:15,,SELF,Обучение профессии музыкант,Мощное творчество
Муз курсы,2025-06-09,14:15,14:30,,SELF,Обучение профессии музыкант,Мощное творчество
Муз курсы,2025-06-09,14:30,14:45,,SELF,Обучение профессии музыкант,Мощное творчество
Муз курсы,2025-06-09,14:45,15:00,,SELF,Обучение профессии музыкант,Мощное творчество
Муз курсы,2025-06-09,15:00,15:15,,SELF,Обучение профессии музыкант,Мощное творчество
Муз курсы,2025-06-09,15:15,15:30,,SELF,Обучение профессии музыкант,Мощное творчество
Муз курсы,2025-06-09,15:30,15:45,,SELF,Обучение профессии музыкант,Мощное творчество
Муз курсы,2025-06-09,15:45,16:00,,SELF,Обучение профессии музыкант,Мощное творчество
Просыпание,2025-06-10,01:30,01:45,,SELF,Сон и восстановление,Уход за собой
Музыка,2025-06-10,04:45,05:00,,SELF,Обучение профессии музыкант,Мощное творчество
Музыка,2025-06-10,05:00,05:15,,SELF,Обучение профессии музыкант,Мощное творчество
Музыка,2025-06-10,05:15,05:30,,SELF,Обучение профессии музыкант,Мощное творчество
Музыка,2025-06-10,05:30,05:45,,SELF,Обучение профессии музыкант,Мощное творчество
Музыка,2025-06-10,05:45,06:00,,SELF,Обучение профессии музыкант,Мощное творчество
Музыка,2025-06-10,08:30,08:45,,SELF,Обучение профессии музыкант,Мощное творчество
Музыка,2025-06-10,08:45,09:00,,SELF,Обучение профессии музыкант,Мощное творчество
Музыка,2025-06-10,09:00,09:15,,SELF,Обучение профессии музыкант,Мощное творчество
в спортзал,2025-06-10,10:30,10:45,,SELF,Здоровье и спорт,Крепкое здоровье
в спортзал,2025-06-10,10:45,11:00,,SELF,Здоровье и спорт,Крепкое здоровье
Спортзал,2025-06-10,11:00,11:15,,SELF,Здоровье и спорт,Крепкое здоровье
Спортзал,2025-06-10,11:15,11:30,,SELF,Здоровье и спорт,Крепкое здоровье
Спортзал,2025-06-10,11:30,11:45,,SELF,Здоровье и спорт,Крепкое здоровье
Спортзал,2025-06-10,11:45,12:00,,SELF,Здоровье и спорт,Крепкое здоровье
Спортзал,2025-06-10,12:00,12:15,,SELF,Здоровье и спорт,Крепкое здоровье
в спортзал,2025-06-10,12:15,12:30,,SELF,Здоровье и спорт,Крепкое здоровье
в спортзал,2025-06-10,12:30,12:45,,SELF,Здоровье и спорт,Крепкое здоровье
Java,2025-06-10,14:15,14:30,,SELF,Обучение профессии QA-инженер,Мощное творчество
Java,2025-06-10,14:30,14:45,,SELF,Обучение профессии QA-инженер,Мощное творчество
Java,2025-06-10,14:45,15:00,,SELF,Обучение профессии QA-инженер,Мощное творчество
Музыка,2025-06-10,16:00,16:15,,SELF,Обучение профессии музыкант,Мощное творчество
Музыка,2025-06-10,16:15,16:30,,SELF,Обучение профессии музыкант,Мощное творчество
Просыпание,2025-06-11,01:30,01:45,,SELF,Сон и восстановление,Уход за собой
Музыка,2025-06-11,04:30,04:45,,SELF,Обучение профессии музыкант,Мощное творчество
Музыка,2025-06-11,04:45,05:00,,SELF,Обучение профессии музыкант,Мощное творчество
Java,2025-06-11,10:45,11:00,,SELF,Обучение профессии QA-инженер,Мощное творчество
Java,2025-06-11,11:15,11:30,,SELF,Обучение профессии QA-инженер,Мощное творчество
Java,2025-06-11,11:30,11:45,,SELF,Обучение профессии QA-инженер,Мощное творчество
Java,2025-06-11,11:45,12:00,,SELF,Обучение профессии QA-инженер,Мощное творчество
Java,2025-06-11,12:00,12:15,,SELF,Обучение профессии QA-инженер,Мощное творчество
Java,2025-06-11,12:15,12:30,,SELF,Обучение профессии QA-инженер,Мощное творчество
Java,2025-06-11,12:30,12:45,,SELF,Обучение профессии QA-инженер,Мощное творчество
Java,2025-06-11,12:45,13:00,,SELF,Обучение профессии QA-инженер,Мощное творчество
Java,2025-06-11,13:00,13:15,,SELF,Обучение профессии QA-инженер,Мощное творчество
Просыпание,2025-06-12,01:30,01:45,,SELF,Сон и восстановление,Уход за собой
Музыка,2025-06-12,04:30,04:45,,SELF,Обучение профессии музыкант,Мощное творчество
Музыка,2025-06-12,04:45,05:00,,SELF,Обучение профессии музыкант,Мощное творчество
Java,2025-06-12,08:00,08:15,,SELF,Обучение профессии QA-инженер,Мощное творчество
Java,2025-06-12,08:15,08:30,,SELF,Обучение профессии QA-инженер,Мощное творчество
Java,2025-06-12,08:30,08:45,,SELF,Обучение профессии QA-инженер,Мощное творчество
Java,2025-06-12,08:45,09:00,,SELF,Обучение профессии QA-инженер,Мощное творчество
в спортзал,2025-06-12,10:30,10:45,,SELF,Здоровье и спорт,Крепкое здоровье
в спортзал,2025-06-12,10:45,11:00,,SELF,Здоровье и спорт,Крепкое здоровье
Спортзал,2025-06-12,11:00,11:15,,SELF,Здоровье и спорт,Крепкое здоровье
Спортзал,2025-06-12,11:15,11:30,,SELF,Здоровье и спорт,Крепкое здоровье
Спортзал,2025-06-12,11:30,11:45,,SELF,Здоровье и спорт,Крепкое здоровье
Спортзал,2025-06-12,11:45,12:00,,SELF,Здоровье и спорт,Крепкое здоровье
Спортзал,2025-06-12,12:00,12:15,,SELF,Здоровье и спорт,Крепкое здоровье
в спортзал,2025-06-12,12:15,12:30,,SELF,Здоровье и спорт,Крепкое здоровье
в спортзал,2025-06-12,12:30,12:45,,SELF,Здоровье и спорт,Крепкое здоровье
Java,2025-06-12,14:45,15:00,,SELF,Обучение профессии QA-инженер,Мощное творчество
Java,2025-06-12,15:15,15:30,,SELF,Обучение профессии QA-инженер,Мощное творчество
Просыпание,2025-06-13,01:30,01:45,,SELF,Сон и восстановление,Уход за собой
Подработка в магазине,2025-06-13,02:00,02:15,,SELF,Подработка и финансы,Финансовый рост
Подработка в магазине,2025-06-13,02:15,02:30,,SELF,Подработка и финансы,Финансовый рост
Подработка в магазине,2025-06-13,02:30,02:45,,SELF,Подработка и финансы,Финансовый рост
Подработка в магазине,2025-06-13,02:45,03:00,,SELF,Подработка и финансы,Финансовый рост
Подработка в магазине,2025-06-13,03:00,03:15,,SELF,Подработка и финансы,Финансовый рост
Подработка в магазине,2025-06-13,03:15,03:30,,SELF,Подработка и финансы,Финансовый рост
Подработка в магазине,2025-06-13,03:30,03:45,,SELF,Подработка и финансы,Финансовый рост
Подработка в магазине,2025-06-13,03:45,04:00,,SELF,Подработка и финансы,Финансовый рост
Подработка в магазине,2025-06-13,04:00,04:15,,SELF,Подработка и финансы,Финансовый рост
Подработка в магазине,2025-06-13,04:15,04:30,,SELF,Подработка и финансы,Финансовый рост
Подработка в магазине,2025-06-13,04:30,04:45,,SELF,Подработка и финансы,Финансовый рост
Подработка в магазине,2025-06-13,04:45,05:00,,SELF,Подработка и финансы,Финансовый рост
Подработка в магазине,2025-06-13,05:00,05:15,,SELF,Подработка и финансы,Финансовый рост
Подработка в магазине,2025-06-13,05:15,05:30,,SELF,Подработка и финансы,Финансовый рост
Подработка в магазине,2025-06-13,05:30,05:45,,SELF,Подработка и финансы,Финансовый рост
Подработка в магазине,2025-06-13,05:45,06:00,,SELF,Подработка и финансы,Финансовый рост
Подработка в магазине,2025-06-13,06:00,06:15,,SELF,Подработка и финансы,Финансовый рост
Подработка в магазине,2025-06-13,06:15,06:30,,SELF,Подработка и финансы,Финансовый рост
Подработка в магазине,2025-06-13,06:30,06:45,,SELF,Подработка и финансы,Финансовый рост
Подработка в магазине,2025-06-13,06:45,07:00,,SELF,Подработка и финансы,Финансовый рост
Подработка в магазине,2025-06-13,07:00,07:15,,SELF,Подработка и финансы,Финансовый рост
Подработка в магазине,2025-06-13,07:15,07:30,,SELF,Подработка и финансы,Финансовый рост
Подработка в магазине,2025-06-13,07:30,07:45,,SELF,Подработка и финансы,Финансовый рост
Подработка в магазине,2025-06-13,07:45,08:00,,SELF,Подработка и финансы,Финансовый рост
Подработка в магазине,2025-06-13,08:00,08:15,,SELF,Подработка и финансы,Финансовый рост
Подработка в магазине,2025-06-13,08:15,08:30,,SELF,Подработка и финансы,Финансовый рост
Подработка в магазине,2025-06-13,08:30,08:45,,SELF,Подработка и финансы,Финансовый рост
Подработка в магазине,2025-06-13,08:45,09:00,,SELF,Подработка и финансы,Финансовый рост
Подработка в магазине,2025-06-13,09:00,09:15,,SELF,Подработка и финансы,Финансовый рост
Подработка в магазине,2025-06-13,09:15,09:30,,SELF,Подработка и финансы,Финансовый рост
Подработка в магазине,2025-06-13,09:30,09:45,,SELF,Подработка и финансы,Финансовый рост
Подработка в магазине,2025-06-13,09:45,10:00,,SELF,Подработка и финансы,Финансовый рост
Подработка в магазине,2025-06-13,10:00,10:15,,SELF,Подработка и финансы,Финансовый рост
Подработка в магазине,2025-06-13,10:15,10:30,,SELF,Подработка и финансы,Финансовый рост
Подработка в магазине,2025-06-13,10:30,10:45,,SELF,Подработка и финансы,Финансовый рост
Подработка в магазине,2025-06-13,10:45,11:00,,SELF,Подработка и финансы,Финансовый рост
Подработка в магазине,2025-06-13,11:00,11:15,,SELF,Подработка и финансы,Финансовый рост
Подработка в магазине,2025-06-13,11:15,11:30,,SELF,Подработка и финансы,Финансовый рост
Подработка в магазине,2025-06-13,11:30,11:45,,SELF,Подработка и финансы,Финансовый рост
Подработка в магазине,2025-06-13,11:45,12:00,,SELF,Подработка и финансы,Финансовый рост
Подработка в магазине,2025-06-13,12:00,12:15,,SELF,Подработка и финансы,Финансовый рост
Подработка в магазине,2025-06-13,12:15,12:30,,SELF,Подработка и финансы,Финансовый рост
Подработка в магазине,2025-06-13,12:30,12:45,,SELF,Подработка и финансы,Финансовый рост
Подработка в магазине,2025-06-13,12:45,13:00,,SELF,Подработка и финансы,Финансовый рост
Подработка в магазине,2025-06-13,13:00,13:15,,SELF,Подработка и финансы,Финансовый рост
Подработка в магазине,2025-06-13,13:15,13:30,,SELF,Подработка и финансы,Финансовый рост
Подработка в магазине,2025-06-13,13:30,13:45,,SELF,Подработка и финансы,Финансовый рост
Подработка в магазине,2025-06-13,13:45,14:00,,SELF,Подработка и финансы,Финансовый рост
Подработка в магазине,2025-06-13,14:00,14:15,,SELF,Подработка и финансы,Финансовый рост
Просыпание,2025-06-14,01:30,01:45,,SELF,Сон и восстановление,Уход за собой
Хастл,2025-06-14,05:15,05:30,,SELF,Подработка и финансы,Мощное творчество
Хастл,2025-06-14,05:30,05:45,,SELF,Подработка и финансы,Мощное творчество
Хастл,2025-06-14,05:45,06:00,,SELF,Подработка и финансы,Мощное творчество
Хастл,2025-06-14,06:00,06:15,,SELF,Подработка и финансы,Мощное творчество
Хастл,2025-06-14,06:15,06:30,,SELF,Подработка и финансы,Мощное творчество
Хастл,2025-06-14,06:30,06:45,,SELF,Подработка и финансы,Мощное творчество
Хастл,2025-06-14,06:45,07:00,,SELF,Подработка и финансы,Мощное творчество
Хастл,2025-06-14,07:00,07:15,,SELF,Подработка и финансы,Мощное творчество
Хастл,2025-06-14,07:15,07:30,,SELF,Подработка и финансы,Мощное творчество
Хастл,2025-06-14,07:30,07:45,,SELF,Подработка и финансы,Мощное творчество
Хастл,2025-06-14,07:45,08:00,,SELF,Подработка и финансы,Мощное творчество
Хастл,2025-06-14,08:00,08:15,,SELF,Подработка и финансы,Мощное творчество
Хастл,2025-06-14,08:15,08:30,,SELF,Подработка и финансы,Мощное творчество
Хастл,2025-06-14,08:30,08:45,,SELF,Подработка и финансы,Мощное творчество
Просыпание,2025-06-15,01:30,01:45,,SELF,Сон и восстановление,Уход за собой
в спортзал,2025-06-15,03:00,03:15,,SELF,Здоровье и спорт,Крепкое здоровье
в спортзал,2025-06-15,03:15,03:30,,SELF,Здоровье и спорт,Крепкое здоровье
Спортзал,2025-06-15,03:30,03:45,,SELF,Здоровье и спорт,Крепкое здоровье
Спортзал,2025-06-15,03:45,04:00,,SELF,Здоровье и спорт,Крепкое здоровье
Спортзал,2025-06-15,04:00,04:15,,SELF,Здоровье и спорт,Крепкое здоровье
Спортзал,2025-06-15,04:15,04:30,,SELF,Здоровье и спорт,Крепкое здоровье
Спортзал,2025-06-15,04:30,04:45,,SELF,Здоровье и спорт,Крепкое здоровье
в спортзал,2025-06-15,04:45,05:00,,SELF,Здоровье и спорт,Крепкое здоровье
в спортзал,2025-06-15,05:00,05:15,,SELF,Здоровье и спорт,Крепкое здоровье
Английский клуб,2025-06-15,09:00,09:15,,SELF,Изучение английского,Мощное творчество
Английский клуб,2025-06-15,09:15,09:30,,SELF,Изучение английского,Мощное творчество
Английский клуб,2025-06-15,09:30,09:45,,SELF,Изучение английского,Мощное творчество
Английский клуб,2025-06-15,09:45,10:00,,SELF,Изучение английского,Мощное творчество
Английский клуб,2025-06-15,10:00,10:15,,SELF,Изучение английского,Мощное творчество
Английский клуб,2025-06-15,10:15,10:30,,SELF,Изучение английского,Мощное творчество
Английский клуб,2025-06-15,10:30,10:45,,SELF,Изучение английского,Мощное творчество
Английский клуб,2025-06-15,10:45,11:00,,SELF,Изучение английского,Мощное творчество
Java,2025-06-15,13:45,14:00,,SELF,Обучение профессии QA-инженер,Мощное творчество
Java,2025-06-15,14:00,14:15,,SELF,Обучение профессии QA-инженер,Мощное творчество
Java,2025-06-15,14:15,14:30,,SELF,Обучение профессии QA-инженер,Мощное творчество
Java,2025-06-15,14:30,14:45,,SELF,Обучение профессии QA-инженер,Мощное творчество
Java,2025-06-15,14:45,15:00,,SELF,Обучение профессии QA-инженер,Мощное творчество
Просыпание,2025-06-16,01:30,01:45,,SELF,Сон и восстановление,Уход за собой
Java. Видео,2025-06-16,08:30,08:45,,SELF,Обучение профессии QA-инженер,Мощное творчество
Java. Видео,2025-06-16,09:30,09:45,,SELF,Обучение профессии QA-инженер,Мощное творчество
Java,2025-06-16,09:45,10:00,,SELF,Обучение профессии QA-инженер,Мощное творчество
Java,2025-06-16,10:00,10:15,,SELF,Обучение профессии QA-инженер,Мощное творчество
Java,2025-06-16,10:15,10:30,,SELF,Обучение профессии QA-инженер,Мощное творчество
Java,2025-06-16,10:30,10:45,,SELF,Обучение профессии QA-инженер,Мощное творчество
Java,2025-06-16,10:45,11:00,,SELF,Обучение профессии QA-инженер,Мощное творчество
Java,2025-06-16,11:00,11:15,,SELF,Обучение профессии QA-инженер,Мощное творчество
Java,2025-06-16,11:15,11:30,,SELF,Обучение профессии QA-инженер,Мощное творчество
Java,2025-06-16,11:30,11:45,,SELF,Обучение профессии QA-инженер,Мощное творчество
Java,2025-06-16,11:45,12:00,,SELF,Обучение профессии QA-инженер,Мощное творчество
Муз курсы,2025-06-16,12:45,13:00,,SELF,Обучение профессии музыкант,Мощное творчество
Муз курсы,2025-06-16,13:00,13:15,,SELF,Обучение профессии музыкант,Мощное творчество
Муз курсы,2025-06-16,13:15,13:30,,SELF,Обучение профессии музыкант,Мощное творчество
Муз курсы,2025-06-16,13:30,13:45,,SELF,Обучение профессии музыкант,Мощное творчество
Муз курсы,2025-06-16,13:45,14:00,,SELF,Обучение профессии музыкант,Мощное творчество
Муз курсы,2025-06-16,14:00,14:15,,SELF,Обучение профессии музыкант,Мощное творчество
Муз курсы,2025-06-16,14:15,14:30,,SELF,Обучение профессии музыкант,Мощное творчество
Муз курсы,2025-06-16,14:30,14:45,,SELF,Обучение профессии музыкант,Мощное творчество
Муз курсы,2025-06-16,14:45,15:00,,SELF,Обучение профессии музыкант,Мощное творчество
Муз курсы,2025-06-16,15:00,15:15,,SELF,Обучение профессии музыкант,Мощное творчество
Муз курсы,2025-06-16,15:15,15:30,,SELF,Обучение профессии музыкант,Мощное творчество
Муз курсы,2025-06-16,15:30,15:45,,SELF,Обучение профессии музыкант,Мощное творчество
Муз курсы,2025-06-16,15:45,16:00,,SELF,Обучение профессии музыкант,Мощное творчество
Просыпание,2025-06-17,01:30,01:45,,SELF,Сон и восстановление,Уход за собой
Java,2025-06-17,09:15,09:30,,SELF,Обучение профессии QA-инженер,Мощное творчество
Java,2025-06-17,09:30,09:45,,SELF,Обучение профессии QA-инженер,Мощное творчество
Java,2025-06-17,09:45,10:00,,SELF,Обучение профессии QA-инженер,Мощное творчество
Java,2025-06-17,10:00,10:15,,SELF,Обучение профессии QA-инженер,Мощное творчество
Java,2025-06-17,10:15,10:30,,SELF,Обучение профессии QA-инженер,Мощное творчество
Спортзал,2025-06-17,12:30,12:45,,SELF,Здоровье и спорт,Крепкое здоровье
Спортзал,2025-06-17,12:45,13:00,,SELF,Здоровье и спорт,Крепкое здоровье
Спортзал,2025-06-17,13:00,13:15,,SELF,Здоровье и спорт,Крепкое здоровье
Спортзал,2025-06-17,13:15,13:30,,SELF,Здоровье и спорт,Крепкое здоровье
Спортзал,2025-06-17,13:30,13:45,,SELF,Здоровье и спорт,Крепкое здоровье
Просыпание,2025-06-18,01:30,01:45,,SELF,Сон и восстановление,Уход за собой
Java. Видео,2025-06-18,06:00,06:15,,SELF,Обучение профессии QA-инженер,Мощное творчество
Java. Видео,2025-06-18,06:15,06:30,,SELF,Обучение профессии QA-инженер,Мощное творчество
Java. Видео,2025-06-18,07:15,07:30,,SELF,Обучение профессии QA-инженер,Мощное творчество
Java,2025-06-18,07:45,08:00,,SELF,Обучение профессии QA-инженер,Мощное творчество
Java,2025-06-18,08:00,08:15,,SELF,Обучение профессии QA-инженер,Мощное творчество
Java,2025-06-18,08:15,08:30,,SELF,Обучение профессии QA-инженер,Мощное творчество
Java,2025-06-18,08:30,08:45,,SELF,Обучение профессии QA-инженер,Мощное творчество
Java,2025-06-18,08:45,09:00,,SELF,Обучение профессии QA-инженер,Мощное творчество
Java,2025-06-18,09:00,09:15,,SELF,Обучение профессии QA-инженер,Мощное творчество
Здоровая спина,2025-06-18,11:00,11:15,,SELF,Здоровье и спорт,Крепкое здоровье
Здоровая спина,2025-06-18,11:15,11:30,,SELF,Здоровье и спорт,Крепкое здоровье
Здоровая спина,2025-06-18,11:30,11:45,,SELF,Здоровье и спорт,Крепкое здоровье
Здоровая спина,2025-06-18,11:45,12:00,,SELF,Здоровье и спорт,Крепкое здоровье
Просыпание,2025-06-19,01:30,01:45,,SELF,Сон и восстановление,Уход за собой
Муз курсы,2025-06-19,05:00,05:15,,SELF,Обучение профессии музыкант,Мощное творчество
Муз курсы,2025-06-19,05:15,05:30,,SELF,Обучение профессии музыкант,Мощное творчество
Муз курсы,2025-06-19,05:30,05:45,,SELF,Обучение профессии музыкант,Мощное творчество
Муз курсы,2025-06-19,05:45,06:00,,SELF,Обучение профессии музыкант,Мощное творчество
Java. Видео,2025-06-19,09:45,10:00,,SELF,Обучение профессии QA-инженер,Мощное творчество
Java. Видео,2025-06-19,10:00,10:15,,SELF,Обучение профессии QA-инженер,Мощное творчество
Java,2025-06-19,10:30,10:45,,SELF,Обучение профессии QA-инженер,Мощное творчество
Java,2025-06-19,10:45,11:00,,SELF,Обучение профессии QA-инженер,Мощное творчество
Java,2025-06-19,11:00,11:15,,SELF,Обучение профессии QA-инженер,Мощное творчество
Java,2025-06-19,11:15,11:30,,SELF,Обучение профессии QA-инженер,Мощное творчество
Фриланс,2025-06-19,14:00,14:15,,SELF,Подработка и финансы,Мощное творчество
Просыпание,2025-06-20,01:30,01:45,,SELF,Сон и восстановление,Уход за собой
Просыпание,2025-06-21,01:30,01:45,,SELF,Сон и восстановление,Уход за собой
Просыпание,2025-06-22,01:30,01:45,,SELF,Сон и восстановление,Уход за собой
в спортзал,2025-06-22,03:00,03:15,,SELF,Здоровье и спорт,Крепкое здоровье
в спортзал,2025-06-22,03:15,03:30,,SELF,Здоровье и спорт,Крепкое здоровье
Спортзал,2025-06-22,03:30,03:45,,SELF,Здоровье и спорт,Крепкое здоровье
Спортзал,2025-06-22,03:45,04:00,,SELF,Здоровье и спорт,Крепкое здоровье
Спортзал,2025-06-22,04:00,04:15,,SELF,Здоровье и спорт,Крепкое здоровье
Спортзал,2025-06-22,04:15,04:30,,SELF,Здоровье и спорт,Крепкое здоровье
Спортзал,2025-06-22,04:30,04:45,,SELF,Здоровье и спорт,Крепкое здоровье
в спортзал,2025-06-22,04:45,05:00,,SELF,Здоровье и спорт,Крепкое здоровье
в спортзал,2025-06-22,05:00,05:15,,SELF,Здоровье и спорт,Крепкое здоровье
Java,2025-06-22,08:30,08:45,,SELF,Обучение профессии QA-инженер,Мощное творчество
Java,2025-06-22,08:45,09:00,,SELF,Обучение профессии QA-инженер,Мощное творчество
Клуб английского,2025-06-22,09:00,09:15,,SELF,Изучение английского,Мощное творчество
Клуб английского,2025-06-22,09:15,09:30,,SELF,Изучение английского,Мощное творчество
Клуб английского,2025-06-22,09:30,09:45,,SELF,Изучение английского,Мощное творчество
Клуб английского,2025-06-22,09:45,10:00,,SELF,Изучение английского,Мощное творчество
Клуб английского,2025-06-22,10:00,10:15,,SELF,Изучение английского,Мощное творчество
Клуб английского,2025-06-22,10:15,10:30,,SELF,Изучение английского,Мощное творчество
Клуб английского,2025-06-22,10:30,10:45,,SELF,Изучение английского,Мощное творчество
Клуб английского,2025-06-22,10:45,11:00,,SELF,Изучение английского,Мощное творчество
Клуб английского,2025-06-22,11:00,11:15,,SELF,Изучение английского,Мощное творчество
Java,2025-06-22,11:15,11:30,,SELF,Обучение профессии QA-инженер,Мощное творчество
Java,2025-06-22,11:30,11:45,,SELF,Обучение профессии QA-инженер,Мощное творчество
Java,2025-06-22,11:45,12:00,,SELF,Обучение профессии QA-инженер,Мощное творчество
Java,2025-06-22,12:00,12:15,,SELF,Обучение профессии QA-инженер,Мощное творчество
Java,2025-06-22,12:15,12:30,,SELF,Обучение профессии QA-инженер,Мощное творчество
Java,2025-06-22,12:30,12:45,,SELF,Обучение профессии QA-инженер,Мощное творчество
Java,2025-06-22,12:45,13:00,,SELF,Обучение профессии QA-инженер,Мощное творчество
Java,2025-06-22,13:00,13:15,,SELF,Обучение профессии QA-инженер,Мощное творчество
Просыпание,2025-06-23,01:30,01:45,,SELF,Сон и восстановление,Уход за собой
Спортзал,2025-06-23,03:00,03:15,,SELF,Здоровье и спорт,Крепкое здоровье
Спортзал,2025-06-23,03:15,03:30,,SELF,Здоровье и спорт,Крепкое здоровье
Спортзал,2025-06-23,03:30,03:45,,SELF,Здоровье и спорт,Крепкое здоровье
Спортзал,2025-06-23,03:45,04:00,,SELF,Здоровье и спорт,Крепкое здоровье
Музыка,2025-06-23,06:30,06:45,,SELF,Обучение профессии музыкант,Мощное творчество
Музыка,2025-06-23,06:45,07:00,,SELF,Обучение профессии музыкант,Мощное творчество
Музыка,2025-06-23,07:00,07:15,,SELF,Обучение профессии музыкант,Мощное творчество
Музыка,2025-06-23,07:15,07:30,,SELF,Обучение профессии музыкант,Мощное творчество
Музыка,2025-06-23,07:30,07:45,,SELF,Обучение профессии музыкант,Мощное творчество
Java,2025-06-23,08:00,08:15,,SELF,Обучение профессии QA-инженер,Мощное творчество
Java,2025-06-23,08:15,08:30,,SELF,Обучение профессии QA-инженер,Мощное творчество
Java,2025-06-23,08:45,09:00,,SELF,Обучение профессии QA-инженер,Мощное творчество
Java,2025-06-23,09:00,09:15,,SELF,Обучение профессии QA-инженер,Мощное творчество
Java,2025-06-23,09:15,09:30,,SELF,Обучение профессии QA-инженер,Мощное творчество
Java,2025-06-23,09:30,09:45,,SELF,Обучение профессии QA-инженер,Мощное творчество
Java,2025-06-23,09:45,10:00,,SELF,Обучение профессии QA-инженер,Мощное творчество
Java,2025-06-23,10:00,10:15,,SELF,Обучение профессии QA-инженер,Мощное творчество
Муз курсы,2025-06-23,11:45,12:00,,SELF,Обучение профессии музыкант,Мощное творчество
Муз курсы,2025-06-23,12:00,12:15,,SELF,Обучение профессии музыкант,Мощное творчество
Муз курсы,2025-06-23,12:15,12:30,,SELF,Обучение профессии музыкант,Мощное творчество
Муз курсы,2025-06-23,12:30,12:45,,SELF,Обучение профессии музыкант,Мощное творчество
Муз курсы,2025-06-23,12:45,13:00,,SELF,Обучение профессии музыкант,Мощное творчество
Муз курсы,2025-06-23,13:00,13:15,,SELF,Обучение профессии музыкант,Мощное творчество
Муз курсы,2025-06-23,13:15,13:30,,SELF,Обучение профессии музыкант,Мощное творчество
Муз курсы,2025-06-23,13:30,13:45,,SELF,Обучение профессии музыкант,Мощное творчество
Муз курсы,2025-06-23,13:45,14:00,,SELF,Обучение профессии музыкант,Мощное творчество
Муз курсы,2025-06-23,14:00,14:15,,SELF,Обучение профессии музыкант,Мощное творчество
Муз курсы,2025-06-23,14:15,14:30,,SELF,Обучение профессии музыкант,Мощное творчество
Муз курсы,2025-06-23,14:30,14:45,,SELF,Обучение профессии музыкант,Мощное творчество
Просыпание,2025-06-24,01:30,01:45,,SELF,Сон и восстановление,Уход за собой
Спортзал,2025-06-24,03:15,03:30,,SELF,Здоровье и спорт,Крепкое здоровье
Спортзал,2025-06-24,03:30,03:45,,SELF,Здоровье и спорт,Крепкое здоровье
Спортзал,2025-06-24,03:45,04:00,,SELF,Здоровье и спорт,Крепкое здоровье
Спортзал,2025-06-24,04:00,04:15,,SELF,Здоровье и спорт,Крепкое здоровье
Java,2025-06-24,06:30,06:45,,SELF,Обучение профессии QA-инженер,Мощное творчество
Java,2025-06-24,06:45,07:00,,SELF,Обучение профессии QA-инженер,Мощное творчество
Java,2025-06-24,07:00,07:15,,SELF,Обучение профессии QA-инженер,Мощное творчество
Java,2025-06-24,07:15,07:30,,SELF,Обучение профессии QA-инженер,Мощное творчество
Java,2025-06-24,07:30,07:45,,SELF,Обучение профессии QA-инженер,Мощное творчество
Java,2025-06-24,07:45,08:00,,SELF,Обучение профессии QA-инженер,Мощное творчество
Java,2025-06-24,08:45,09:00,,SELF,Обучение профессии QA-инженер,Мощное творчество
Java,2025-06-24,09:00,09:15,,SELF,Обучение профессии QA-инженер,Мощное творчество
Java,2025-06-24,09:15,09:30,,SELF,Обучение профессии QA-инженер,Мощное творчество
Java,2025-06-24,09:30,09:45,,SELF,Обучение профессии QA-инженер,Мощное творчество
Java,2025-06-24,09:45,10:00,,SELF,Обучение профессии QA-инженер,Мощное творчество
Java,2025-06-24,10:00,10:15,,SELF,Обучение профессии QA-инженер,Мощное творчество
Java,2025-06-24,10:15,10:30,,SELF,Обучение профессии QA-инженер,Мощное творчество
Java,2025-06-24,10:30,10:45,,SELF,Обучение профессии QA-инженер,Мощное творчество
Java,2025-06-24,10:45,11:00,,SELF,Обучение профессии QA-инженер,Мощное творчество
Java,2025-06-24,11:00,11:15,,SELF,Обучение профессии QA-инженер,Мощное творчество
Java,2025-06-24,11:15,11:30,,SELF,Обучение профессии QA-инженер,Мощное творчество
Java,2025-06-24,11:30,11:45,,SELF,Обучение профессии QA-инженер,Мощное творчество
Java,2025-06-24,11:45,12:00,,SELF,Обучение профессии QA-инженер,Мощное творчество
Java,2025-06-24,12:00,12:15,,SELF,Обучение профессии QA-инженер,Мощное творчество
Java,2025-06-24,12:15,12:30,,SELF,Обучение профессии QA-инженер,Мощное творчество
Java,2025-06-24,12:45,13:00,,SELF,Обучение профессии QA-инженер,Мощное творчество
Java,2025-06-24,13:00,13:15,,SELF,Обучение профессии QA-инженер,Мощное творчество
Просыпание,2025-06-25,01:30,01:45,,SELF,Сон и восстановление,Уход за собой
Java,2025-06-25,06:15,06:30,,SELF,Обучение профессии QA-инженер,Мощное творчество
Java,2025-06-25,06:30,06:45,,SELF,Обучение профессии QA-инженер,Мощное творчество
Java,2025-06-25,06:45,07:00,,SELF,Обучение профессии QA-инженер,Мощное творчество
Java,2025-06-25,07:00,07:15,,SELF,Обучение профессии QA-инженер,Мощное творчество
Java,2025-06-25,07:15,07:30,,SELF,Обучение профессии QA-инженер,Мощное творчество
Java,2025-06-25,07:30,07:45,,SELF,Обучение профессии QA-инженер,Мощное творчество
Java,2025-06-25,07:45,08:00,,SELF,Обучение профессии QA-инженер,Мощное творчество
Java,2025-06-25,08:00,08:15,,SELF,Обучение профессии QA-инженер,Мощное творчество
Java,2025-06-25,08:15,08:30,,SELF,Обучение профессии QA-инженер,Мощное творчество
Java,2025-06-25,11:15,11:30,,SELF,Обучение профессии QA-инженер,Мощное творчество
Java,2025-06-25,11:30,11:45,,SELF,Обучение профессии QA-инженер,Мощное творчество
Java,2025-06-25,11:45,12:00,,SELF,Обучение профессии QA-инженер,Мощное творчество
Java,2025-06-25,12:00,12:15,,SELF,Обучение профессии QA-инженер,Мощное творчество
Java,2025-06-25,12:15,12:30,,SELF,Обучение профессии QA-инженер,Мощное творчество
Java,2025-06-25,12:30,12:45,,SELF,Обучение профессии QA-инженер,Мощное творчество
Java,2025-06-25,12:45,13:00,,SELF,Обучение профессии QA-инженер,Мощное творчество
Java,2025-06-25,13:00,13:15,,SELF,Обучение профессии QA-инженер,Мощное творчество
Java,2025-06-25,13:15,13:30,,SELF,Обучение профессии QA-инженер,Мощное творчество
Java,2025-06-25,13:30,13:45,,SELF,Обучение профессии QA-инженер,Мощное творчество
Java,2025-06-25,13:45,14:00,,SELF,Обучение профессии QA-инженер,Мощное творчество
Просыпание,2025-06-26,01:30,01:45,,SELF,Сон и восстановление,Уход за собой
Муз курсы,2025-06-26,04:00,04:15,,SELF,Обучение профессии музыкант,Мощное творчество
Муз курсы,2025-06-26,04:15,04:30,,SELF,Обучение профессии музыкант,Мощное творчество
Муз курсы,2025-06-26,04:30,04:45,,SELF,Обучение профессии музыкант,Мощное творчество
Муз курсы,2025-06-26,04:45,05:00,,SELF,Обучение профессии музыкант,Мощное творчество
Муз курсы,2025-06-26,05:00,05:15,,SELF,Обучение профессии музыкант,Мощное творчество
Муз курсы,2025-06-26,05:15,05:30,,SELF,Обучение профессии музыкант,Мощное творчество
Муз курсы,2025-06-26,05:30,05:45,,SELF,Обучение профессии музыкант,Мощное творчество
Муз курсы,2025-06-26,05:45,06:00,,SELF,Обучение профессии музыкант,Мощное творчество
Муз курсы,2025-06-26,06:00,06:15,,SELF,Обучение профессии музыкант,Мощное творчество
Муз курсы,2025-06-26,06:15,06:30,,SELF,Обучение профессии музыкант,Мощное творчество
Муз курсы,2025-06-26,06:30,06:45,,SELF,Обучение профессии музыкант,Мощное творчество
Муз курсы,2025-06-26,06:45,07:00,,SELF,Обучение профессии музыкант,Мощное творчество
Муз курсы,2025-06-26,07:00,07:15,,SELF,Обучение профессии музыкант,Мощное творчество
Java,2025-06-26,09:30,09:45,,SELF,Обучение профессии QA-инженер,Мощное творчество
Java,2025-06-26,09:45,10:00,,SELF,Обучение профессии QA-инженер,Мощное творчество
Java,2025-06-26,10:00,10:15,,SELF,Обучение профессии QA-инженер,Мощное творчество
Java,2025-06-26,10:15,10:30,,SELF,Обучение профессии QA-инженер,Мощное творчество
Java,2025-06-26,10:30,10:45,,SELF,Обучение профессии QA-инженер,Мощное творчество
Java,2025-06-26,10:45,11:00,,SELF,Обучение профессии QA-инженер,Мощное творчество
Просыпание,2025-06-27,01:30,01:45,,SELF,Сон и восстановление,Уход за собой
Java,2025-06-27,06:15,06:30,,SELF,Обучение профессии QA-инженер,Мощное творчество
Java,2025-06-27,06:30,06:45,,SELF,Обучение профессии QA-инженер,Мощное творчество
Java,2025-06-27,06:45,07:00,,SELF,Обучение профессии QA-инженер,Мощное творчество
Java,2025-06-27,07:00,07:15,,SELF,Обучение профессии QA-инженер,Мощное творчество
Java,2025-06-27,07:15,07:30,,SELF,Обучение профессии QA-инженер,Мощное творчество
Java,2025-06-27,07:30,07:45,,SELF,Обучение профессии QA-инженер,Мощное творчество
Java,2025-06-27,07:45,08:00,,SELF,Обучение профессии QA-инженер,Мощное творчество
Java,2025-06-27,08:30,08:45,,SELF,Обучение профессии QA-инженер,Мощное творчество
Java,2025-06-27,08:45,09:00,,SELF,Обучение профессии QA-инженер,Мощное творчество
Java,2025-06-27,09:00,09:15,,SELF,Обучение профессии QA-инженер,Мощное творчество
Java,2025-06-27,09:15,09:30,,SELF,Обучение профессии QA-инженер,Мощное творчество
Java,2025-06-27,09:30,09:45,,SELF,Обучение профессии QA-инженер,Мощное творчество
Java,2025-06-27,09:45,10:00,,SELF,Обучение профессии QA-инженер,Мощное творчество
Java,2025-06-27,10:00,10:15,,SELF,Обучение профессии QA-инженер,Мощное творчество
Java,2025-06-27,10:30,10:45,,SELF,Обучение профессии QA-инженер,Мощное творчество
Java,2025-06-27,10:45,11:00,,SELF,Обучение профессии QA-инженер,Мощное творчество
выйти,2025-06-27,11:00,11:15,,SELF,Бытовые дела,Уход за собой
кино,2025-06-27,12:15,12:30,,SELF,Отдых и развлечения,Уход за собой
кино,2025-06-27,12:30,12:45,,SELF,Отдых и развлечения,Уход за собой
кино,2025-06-27,12:45,13:00,,SELF,Отдых и развлечения,Уход за собой
кино,2025-06-27,13:00,13:15,,SELF,Отдых и развлечения,Уход за собой
кино,2025-06-27,13:15,13:30,,SELF,Отдых и развлечения,Уход за собой
кино,2025-06-27,13:30,13:45,,SELF,Отдых и развлечения,Уход за собой
кино,2025-06-27,13:45,14:00,,SELF,Отдых и развлечения,Уход за собой
кино,2025-06-27,14:00,14:15,,SELF,Отдых и развлечения,Уход за собой
Java,2025-06-27,16:00,16:15,,SELF,Обучение профессии QA-инженер,Мощное творчество
Просыпание,2025-06-28,01:30,01:45,,SELF,Сон и восстановление,Уход за собой
Java,2025-06-28,04:30,04:45,,SELF,Обучение профессии QA-инженер,Мощное творчество
Java,2025-06-28,04:45,05:00,,SELF,Обучение профессии QA-инженер,Мощное творчество
Java,2025-06-28,05:00,05:15,,SELF,Обучение профессии QA-инженер,Мощное творчество
Java,2025-06-28,05:15,05:30,,SELF,Обучение профессии QA-инженер,Мощное творчество
Java,2025-06-28,05:30,05:45,,SELF,Обучение профессии QA-инженер,Мощное творчество
Java,2025-06-28,05:45,06:00,,SELF,Обучение профессии QA-инженер,Мощное творчество
Java,2025-06-28,06:00,06:15,,SELF,Обучение профессии QA-инженер,Мощное творчество
Java,2025-06-28,06:15,06:30,,SELF,Обучение профессии QA-инженер,Мощное творчество
Клавиши,2025-06-28,07:00,07:15,,SELF,Обучение профессии музыкант,Мощное творчество
Java,2025-06-28,07:45,08:00,,SELF,Обучение профессии QA-инженер,Мощное творчество
выйти,2025-06-28,09:00,09:15,,SELF,Бытовые дела,Уход за собой
кино,2025-06-28,10:00,10:15,,SELF,Отдых и развлечения,Уход за собой
кино,2025-06-28,10:15,10:30,,SELF,Отдых и развлечения,Уход за собой
кино,2025-06-28,10:30,10:45,,SELF,Отдых и развлечения,Уход за собой
кино,2025-06-28,10:45,11:00,,SELF,Отдых и развлечения,Уход за собой
кино,2025-06-28,11:00,11:15,,SELF,Отдых и развлечения,Уход за собой
кино,2025-06-28,11:15,11:30,,SELF,Отдых и развлечения,Уход за собой
кино,2025-06-28,11:30,11:45,,SELF,Отдых и развлечения,Уход за собой
кино,2025-06-28,11:45,12:00,,SELF,Отдых и развлечения,Уход за собой
Java,2025-06-28,13:45,14:00,,SELF,Обучение профессии QA-инженер,Мощное творчество
Java,2025-06-28,14:00,14:15,,SELF,Обучение профессии QA-инженер,Мощное творчество
Java,2025-06-28,14:15,14:30,,SELF,Обучение профессии QA-инженер,Мощное творчество
Уезжаю на отдых,2025-07-06,00:00,00:15,,SELF,Бытовые дела,Уход за собой
Уезжаю на отдых,2025-07-06,00:15,00:30,,SELF,Бытовые дела,Уход за собой
Уезжаю на отдых,2025-07-06,00:30,00:45,,SELF,Бытовые дела,Уход за собой
Уезжаю на отдых,2025-07-06,00:45,01:00,,SELF,Бытовые дела,Уход за собой
Уезжаю на отдых,2025-07-06,01:00,01:15,,SELF,Бытовые дела,Уход за собой
Уезжаю на отдых,2025-07-06,01:15,01:30,,SELF,Бытовые дела,Уход за собой
Уезжаю на отдых,2025-07-06,01:30,01:45,,SELF,Бытовые дела,Уход за собой
Уезжаю на отдых,2025-07-06,01:45,02:00,,SELF,Бытовые дела,Уход за собой
Уезжаю на отдых,2025-07-06,02:00,02:15,,SELF,Бытовые дела,Уход за собой
Уезжаю на отдых,2025-07-06,02:15,02:30,,SELF,Бытовые дела,Уход за собой
Уезжаю на отдых,2025-07-06,02:30,02:45,,SELF,Бытовые дела,Уход за собой
Уезжаю на отдых,2025-07-06,02:45,03:00,,SELF,Бытовые дела,Уход за собой
Уезжаю на отдых,2025-07-06,03:00,03:15,,SELF,Бытовые дела,Уход за собой
Уезжаю на отдых,2025-07-06,03:15,03:30,,SELF,Бытовые дела,Уход за собой
Уезжаю на отдых,2025-07-06,03:30,03:45,,SELF,Бытовые дела,Уход за собой
Уезжаю на отдых,2025-07-06,03:45,04:00,,SELF,Бытовые дела,Уход за собой
Уезжаю на отдых,2025-07-06,04:00,04:15,,SELF,Бытовые дела,Уход за собой
Уезжаю на отдых,2025-07-06,04:15,04:30,,SELF,Бытовые дела,Уход за собой
Уезжаю на отдых,2025-07-06,04:30,04:45,,SELF,Бытовые дела,Уход за собой
Уезжаю на отдых,2025-07-06,04:45,05:00,,SELF,Бытовые дела,Уход за собой
Уезжаю на отдых,2025-07-06,05:00,05:15,,SELF,Бытовые дела,Уход за собой
Уезжаю на отдых,2025-07-06,05:15,05:30,,SELF,Бытовые дела,Уход за собой
Уезжаю на отдых,2025-07-06,05:30,05:45,,SELF,Бытовые дела,Уход за собой
Уезжаю на отдых,2025-07-06,05:45,06:00,,SELF,Бытовые дела,Уход за собой
Уезжаю на отдых,2025-07-06,06:00,06:15,,SELF,Бытовые дела,Уход за собой
Уезжаю на отдых,2025-07-06,06:15,06:30,,SELF,Бытовые дела,Уход за собой
Уезжаю на отдых,2025-07-06,06:30,06:45,,SELF,Бытовые дела,Уход за собой
Уезжаю на отдых,2025-07-06,06:45,07:00,,SELF,Бытовые дела,Уход за собой
Уезжаю на отдых,2025-07-06,07:00,07:15,,SELF,Бытовые дела,Уход за собой
Уезжаю на отдых,2025-07-06,07:15,07:30,,SELF,Бытовые дела,Уход за собой
Уезжаю на отдых,2025-07-06,07:30,07:45,,SELF,Бытовые дела,Уход за собой
Уезжаю на отдых,2025-07-06,07:45,08:00,,SELF,Бытовые дела,Уход за собой
Уезжаю на отдых,2025-07-06,08:00,08:15,,SELF,Бытовые дела,Уход за собой
Уезжаю на отдых,2025-07-06,08:15,08:30,,SELF,Бытовые дела,Уход за собой
Уезжаю на отдых,2025-07-06,08:30,08:45,,SELF,Бытовые дела,Уход за собой
Уезжаю на отдых,2025-07-06,08:45,09:00,,SELF,Бытовые дела,Уход за собой
Уезжаю на отдых,2025-07-06,09:00,09:15,,SELF,Бытовые дела,Уход за собой
Уезжаю на отдых,2025-07-06,09:15,09:30,,SELF,Бытовые дела,Уход за собой
Уезжаю на отдых,2025-07-06,09:30,09:45,,SELF,Бытовые дела,Уход за собой
Уезжаю на отдых,2025-07-06,09:45,10:00,,SELF,Бытовые дела,Уход за собой
Уезжаю на отдых,2025-07-06,10:00,10:15,,SELF,Бытовые дела,Уход за собой
Уезжаю на отдых,2025-07-06,10:15,10:30,,SELF,Бытовые дела,Уход за собой
Уезжаю на отдых,2025-07-06,10:30,10:45,,SELF,Бытовые дела,Уход за собой
Уезжаю на отдых,2025-07-06,10:45,11:00,,SELF,Бытовые дела,Уход за собой
Уезжаю на отдых,2025-07-06,11:00,11:15,,SELF,Бытовые дела,Уход за собой
Уезжаю на отдых,2025-07-06,11:15,11:30,,SELF,Бытовые дела,Уход за собой
Уезжаю на отдых,2025-07-06,11:30,11:45,,SELF,Бытовые дела,Уход за собой
Уезжаю на отдых,2025-07-06,11:45,12:00,,SELF,Бытовые дела,Уход за собой
Уезжаю на отдых,2025-07-06,12:00,12:15,,SELF,Бытовые дела,Уход за собой
Уезжаю на отдых,2025-07-06,12:15,12:30,,SELF,Бытовые дела,Уход за собой
Уезжаю на отдых,2025-07-06,12:30,12:45,,SELF,Бытовые дела,Уход за собой
Уезжаю на отдых,2025-07-06,12:45,13:00,,SELF,Бытовые дела,Уход за собой
Уезжаю на отдых,2025-07-06,13:00,13:15,,SELF,Бытовые дела,Уход за собой
Уезжаю на отдых,2025-07-06,13:15,13:30,,SELF,Бытовые дела,Уход за собой
Уезжаю на отдых,2025-07-06,13:30,13:45,,SELF,Бытовые дела,Уход за собой
Уезжаю на отдых,2025-07-06,13:45,14:00,,SELF,Бытовые дела,Уход за собой
Уезжаю на отдых,2025-07-06,14:00,14:15,,SELF,Бытовые дела,Уход за собой
Уезжаю на отдых,2025-07-06,14:15,14:30,,SELF,Бытовые дела,Уход за собой
Уезжаю на отдых,2025-07-06,14:30,14:45,,SELF,Бытовые дела,Уход за собой
Уезжаю на отдых,2025-07-06,14:45,15:00,,SELF,Бытовые дела,Уход за собой
Уезжаю на отдых,2025-07-06,15:00,15:15,,SELF,Бытовые дела,Уход за собой
Уезжаю на отдых,2025-07-06,15:15,15:30,,SELF,Бытовые дела,Уход за собой
Уезжаю на отдых,2025-07-06,15:30,15:45,,SELF,Бытовые дела,Уход за собой
Уезжаю на отдых,2025-07-06,15:45,16:00,,SELF,Бытовые дела,Уход за собой
Уезжаю на отдых,2025-07-06,16:00,16:15,,SELF,Бытовые дела,Уход за собой
Уезжаю на отдых,2025-07-06,16:15,16:30,,SELF,Бытовые дела,Уход за собой
Уезжаю на отдых,2025-07-06,16:30,16:45,,SELF,Бытовые дела,Уход за собой
Уезжаю на отдых,2025-07-06,16:45,17:00,,SELF,Бытовые дела,Уход за собой
Уезжаю на отдых,2025-07-06,17:00,17:15,,SELF,Бытовые дела,Уход за собой
Уезжаю на отдых,2025-07-06,17:15,17:30,,SELF,Бытовые дела,Уход за собой
Уезжаю на отдых,2025-07-06,17:30,17:45,,SELF,Бытовые дела,Уход за собой
Уезжаю на отдых,2025-07-06,17:45,18:00,,SELF,Бытовые дела,Уход за собой
Уезжаю на отдых,2025-07-06,18:00,18:15,,SELF,Бытовые дела,Уход за собой
Уезжаю на отдых,2025-07-06,18:15,18:30,,SELF,Бытовые дела,Уход за собой
Уезжаю на отдых,2025-07-06,18:30,18:45,,SELF,Бытовые дела,Уход за собой
Уезжаю на отдых,2025-07-06,18:45,19:00,,SELF,Бытовые дела,Уход за собой
Просыпание,2025-07-07,01:30,01:45,,SELF,Сон и восстановление,Уход за собой
Планирование,2025-07-07,05:30,05:45,,SELF,Планирование и рефлексия,Мощное творчество
Проект Крестики-нолики,2025-07-07,06:00,06:15,,SELF,Обучение профессии QA-инженер,Мощное творчество
Проект Крестики-нолики,2025-07-07,06:15,06:30,,SELF,Обучение профессии QA-инженер,Мощное творчество
Проект Крестики-нолики,2025-07-07,08:00,08:15,,SELF,Обучение профессии QA-инженер,Мощное творчество
Проект Крестики-нолики,2025-07-07,08:15,08:30,,SELF,Обучение профессии QA-инженер,Мощное творчество
Проект Крестики-нолики,2025-07-07,08:30,08:45,,SELF,Обучение профессии QA-инженер,Мощное творчество
Проект Крестики-нолики,2025-07-07,08:45,09:00,,SELF,Обучение профессии QA-инженер,Мощное творчество
Проект Крестики-нолики,2025-07-07,09:00,09:15,,SELF,Обучение профессии QA-инженер,Мощное творчество
Проект Крестики-нолики,2025-07-07,09:15,09:30,,SELF,Обучение профессии QA-инженер,Мощное творчество
Проект Крестики-нолики,2025-07-07,09:30,09:45,,SELF,Обучение профессии QA-инженер,Мощное творчество
Муз курсы,2025-07-07,11:15,11:30,,SELF,Обучение профессии музыкант,Мощное творчество
Муз курсы,2025-07-07,11:30,11:45,,SELF,Обучение профессии музыкант,Мощное творчество
Муз курсы,2025-07-07,11:45,12:00,,SELF,Обучение профессии музыкант,Мощное творчество
Муз курсы,2025-07-07,12:00,12:15,,SELF,Обучение профессии музыкант,Мощное творчество
Муз курсы,2025-07-07,12:15,12:30,,SELF,Обучение профессии музыкант,Мощное творчество
Муз курсы,2025-07-07,12:30,12:45,,SELF,Обучение профессии музыкант,Мощное творчество
Муз курсы,2025-07-07,12:45,13:00,,SELF,Обучение профессии музыкант,Мощное творчество
Устанавливаю AI-помощника,2025-07-07,14:00,14:15,,SELF,Разработка WOLF,Мощное творчество
Устанавливаю AI-помощника,2025-07-07,14:15,14:30,,SELF,Разработка WOLF,Мощное творчество
Устанавливаю AI-помощника,2025-07-07,14:30,14:45,,SELF,Разработка WOLF,Мощное творчество
Устанавливаю AI-помощника,2025-07-07,14:45,15:00,,SELF,Разработка WOLF,Мощное творчество
Устанавливаю AI-помощника,2025-07-07,15:00,15:15,,SELF,Разработка WOLF,Мощное творчество
Устанавливаю AI-помощника,2025-07-07,15:15,15:30,,SELF,Разработка WOLF,Мощное творчество
Устанавливаю AI-помощника,2025-07-07,15:30,15:45,,SELF,Разработка WOLF,Мощное творчество
Просыпание,2025-07-08,01:30,01:45,,SELF,Сон и восстановление,Уход за собой
Просыпание,2025-07-09,01:30,01:45,,SELF,Сон и восстановление,Уход за собой
спортзал,2025-07-09,03:00,03:15,,SELF,Здоровье и спорт,Крепкое здоровье
спортзал,2025-07-09,03:15,03:30,,SELF,Здоровье и спорт,Крепкое здоровье
спортзал,2025-07-09,03:30,03:45,,SELF,Здоровье и спорт,Крепкое здоровье
Устанавливаю AI-помощника,2025-07-09,03:45,04:00,,SELF,Разработка WOLF,Мощное творчество
Устанавливаю AI-помощника,2025-07-09,04:00,04:15,,SELF,Разработка WOLF,Мощное творчество
Устанавливаю AI-помощника,2025-07-09,04:15,04:30,,SELF,Разработка WOLF,Мощное творчество
Устанавливаю AI-помощника,2025-07-09,04:30,04:45,,SELF,Разработка WOLF,Мощное творчество
Устанавливаю AI-помощника,2025-07-09,04:45,05:00,,SELF,Разработка WOLF,Мощное творчество
Устанавливаю AI-помощника,2025-07-09,05:00,05:15,,SELF,Разработка WOLF,Мощное творчество
Устанавливаю AI-помощника,2025-07-09,05:15,05:30,,SELF,Разработка WOLF,Мощное творчество
Устанавливаю AI-помощника,2025-07-09,05:30,05:45,,SELF,Разработка WOLF,Мощное творчество
Устанавливаю AI-помощника,2025-07-09,05:45,06:00,,SELF,Разработка WOLF,Мощное творчество
Устанавливаю AI-помощника,2025-07-09,06:00,06:15,,SELF,Разработка WOLF,Мощное творчество
Устанавливаю AI-помощника,2025-07-09,06:15,06:30,,SELF,Разработка WOLF,Мощное творчество
Устанавливаю AI-помощника,2025-07-09,06:30,06:45,,SELF,Разработка WOLF,Мощное творчество
Устанавливаю AI-помощника,2025-07-09,06:45,07:00,,SELF,Разработка WOLF,Мощное творчество
Устанавливаю AI-помощника,2025-07-09,07:00,07:15,,SELF,Разработка WOLF,Мощное творчество
Устанавливаю AI-помощника,2025-07-09,07:15,07:30,,SELF,Разработка WOLF,Мощное творчество
Устанавливаю AI-помощника,2025-07-09,07:30,07:45,,SELF,Разработка WOLF,Мощное творчество
Устанавливаю AI-помощника,2025-07-09,07:45,08:00,,SELF,Разработка WOLF,Мощное творчество
Устанавливаю AI-помощника,2025-07-09,08:00,08:15,,SELF,Разработка WOLF,Мощное творчество
Устанавливаю AI-помощника,2025-07-09,08:15,08:30,,SELF,Разработка WOLF,Мощное творчество
Устанавливаю AI-помощника,2025-07-09,08:30,08:45,,SELF,Разработка WOLF,Мощное творчество
Устанавливаю AI-помощника,2025-07-09,08:45,09:00,,SELF,Разработка WOLF,Мощное творчество
Устанавливаю AI-помощника,2025-07-09,09:00,09:15,,SELF,Разработка WOLF,Мощное творчество
Устанавливаю AI-помощника,2025-07-09,09:15,09:30,,SELF,Разработка WOLF,Мощное творчество
Устанавливаю AI-помощника,2025-07-09,09:30,09:45,,SELF,Разработка WOLF,Мощное творчество
Устанавливаю AI-помощника,2025-07-09,09:45,10:00,,SELF,Разработка WOLF,Мощное творчество
Устанавливаю AI-помощника,2025-07-09,10:00,10:15,,SELF,Разработка WOLF,Мощное творчество
Устанавливаю AI-помощника,2025-07-09,10:15,10:30,,SELF,Разработка WOLF,Мощное творчество
Устанавливаю AI-помощника,2025-07-09,10:30,10:45,,SELF,Разработка WOLF,Мощное творчество
Устанавливаю AI-помощника,2025-07-09,10:45,11:00,,SELF,Разработка WOLF,Мощное творчество
Здоровая спина,2025-07-09,11:00,11:15,,SELF,Здоровье и спорт,Крепкое здоровье
Здоровая спина,2025-07-09,11:15,11:30,,SELF,Здоровье и спорт,Крепкое здоровье
Здоровая спина,2025-07-09,11:30,11:45,,SELF,Здоровье и спорт,Крепкое здоровье
Здоровая спина,2025-07-09,11:45,12:00,,SELF,Здоровье и спорт,Крепкое здоровье
Устанавливаю AI-помощника,2025-07-09,13:00,13:15,,SELF,Разработка WOLF,Мощное творчество
Устанавливаю AI-помощника,2025-07-09,13:15,13:30,,SELF,Разработка WOLF,Мощное творчество
Устанавливаю AI-помощника,2025-07-09,13:30,13:45,,SELF,Разработка WOLF,Мощное творчество
Устанавливаю AI-помощника,2025-07-09,13:45,14:00,,SELF,Разработка WOLF,Мощное творчество
Устанавливаю AI-помощника,2025-07-09,14:00,14:15,,SELF,Разработка WOLF,Мощное творчество
Устанавливаю AI-помощника,2025-07-09,14:15,14:30,,SELF,Разработка WOLF,Мощное творчество
Устанавливаю AI-помощника,2025-07-09,14:30,14:45,,SELF,Разработка WOLF,Мощное творчество
Устанавливаю AI-помощника,2025-07-09,14:45,15:00,,SELF,Разработка WOLF,Мощное творчество
Устанавливаю AI-помощника,2025-07-09,15:00,15:15,,SELF,Разработка WOLF,Мощное творчество
Устанавливаю AI-помощника,2025-07-09,15:15,15:30,,SELF,Разработка WOLF,Мощное творчество
Устанавливаю AI-помощника,2025-07-09,15:30,15:45,,SELF,Разработка WOLF,Мощное творчество
Просыпание,2025-07-10,01:30,01:45,,SELF,Сон и восстановление,Уход за собой
Весь день готовлюсь к поездке,2025-07-10,03:00,03:15,,SELF,Бытовые дела,Уход за собой
Хастл,2025-07-10,06:00,06:15,,SELF,Подработка и финансы,Мощное творчество
Хастл,2025-07-10,06:15,06:30,,SELF,Подработка и финансы,Мощное творчество
Хастл,2025-07-10,06:30,06:45,,SELF,Подработка и финансы,Мощное творчество
Хастл,2025-07-10,06:45,07:00,,SELF,Подработка и финансы,Мощное творчество
Стоматолог,2025-07-10,08:30,08:45,,SELF,Здоровье и спорт,Крепкое здоровье
Стоматолог,2025-07-10,08:45,09:00,,SELF,Здоровье и спорт,Крепкое здоровье
Стоматолог,2025-07-10,09:00,09:15,,SELF,Здоровье и спорт,Крепкое здоровье
Стоматолог,2025-07-10,09:15,09:30,,SELF,Здоровье и спорт,Крепкое здоровье
Выйти,2025-07-10,13:00,13:15,,SELF,Бытовые дела,Уход за собой
Уезжаю на отдых,2025-07-11,00:00,00:15,,SELF,Бытовые дела,Уход за собой
Уезжаю на отдых,2025-07-11,00:15,00:30,,SELF,Бытовые дела,Уход за собой
Уезжаю на отдых,2025-07-11,00:30,00:45,,SELF,Бытовые дела,Уход за собой
Уезжаю на отдых,2025-07-11,00:45,01:00,,SELF,Бытовые дела,Уход за собой
Уезжаю на отдых,2025-07-11,01:00,01:15,,SELF,Бытовые дела,Уход за собой
Уезжаю на отдых,2025-07-11,01:15,01:30,,SELF,Бытовые дела,Уход за собой
Уезжаю на отдых,2025-07-11,01:30,01:45,,SELF,Бытовые дела,Уход за собой
Уезжаю на отдых,2025-07-11,01:45,02:00,,SELF,Бытовые дела,Уход за собой
Уезжаю на отдых,2025-07-11,02:00,02:15,,SELF,Бытовые дела,Уход за собой
Уезжаю на отдых,2025-07-11,02:15,02:30,,SELF,Бытовые дела,Уход за собой
Уезжаю на отдых,2025-07-11,02:30,02:45,,SELF,Бытовые дела,Уход за собой
Уезжаю на отдых,2025-07-11,02:45,03:00,,SELF,Бытовые дела,Уход за собой
Уезжаю на отдых,2025-07-11,03:00,03:15,,SELF,Бытовые дела,Уход за собой
Уезжаю на отдых,2025-07-11,03:15,03:30,,SELF,Бытовые дела,Уход за собой
Уезжаю на отдых,2025-07-11,03:30,03:45,,SELF,Бытовые дела,Уход за собой
Уезжаю на отдых,2025-07-11,03:45,04:00,,SELF,Бытовые дела,Уход за собой
Уезжаю на отдых,2025-07-11,04:00,04:15,,SELF,Бытовые дела,Уход за собой
Уезжаю на отдых,2025-07-11,04:15,04:30,,SELF,Бытовые дела,Уход за собой
Уезжаю на отдых,2025-07-11,04:30,04:45,,SELF,Бытовые дела,Уход за собой
Уезжаю на отдых,2025-07-11,04:45,05:00,,SELF,Бытовые дела,Уход за собой
Уезжаю на отдых,2025-07-11,05:00,05:15,,SELF,Бытовые дела,Уход за собой
Уезжаю на отдых,2025-07-11,05:15,05:30,,SELF,Бытовые дела,Уход за собой
Уезжаю на отдых,2025-07-11,05:30,05:45,,SELF,Бытовые дела,Уход за собой
Уезжаю на отдых,2025-07-11,05:45,06:00,,SELF,Бытовые дела,Уход за собой
Уезжаю на отдых,2025-07-11,06:00,06:15,,SELF,Бытовые дела,Уход за собой
Уезжаю на отдых,2025-07-11,06:15,06:30,,SELF,Бытовые дела,Уход за собой
Уезжаю на отдых,2025-07-11,06:30,06:45,,SELF,Бытовые дела,Уход за собой
Уезжаю на отдых,2025-07-11,06:45,07:00,,SELF,Бытовые дела,Уход за собой
Уезжаю на отдых,2025-07-11,07:00,07:15,,SELF,Бытовые дела,Уход за собой
Уезжаю на отдых,2025-07-11,07:15,07:30,,SELF,Бытовые дела,Уход за собой
Уезжаю на отдых,2025-07-11,07:30,07:45,,SELF,Бытовые дела,Уход за собой
Уезжаю на отдых,2025-07-11,07:45,08:00,,SELF,Бытовые дела,Уход за собой
Уезжаю на отдых,2025-07-11,08:00,08:15,,SELF,Бытовые дела,Уход за собой
Уезжаю на отдых,2025-07-11,08:15,08:30,,SELF,Бытовые дела,Уход за собой
Уезжаю на отдых,2025-07-11,08:30,08:45,,SELF,Бытовые дела,Уход за собой
Уезжаю на отдых,2025-07-11,08:45,09:00,,SELF,Бытовые дела,Уход за собой
Уезжаю на отдых,2025-07-11,09:00,09:15,,SELF,Бытовые дела,Уход за собой
Уезжаю на отдых,2025-07-11,09:15,09:30,,SELF,Бытовые дела,Уход за собой
Уезжаю на отдых,2025-07-11,09:30,09:45,,SELF,Бытовые дела,Уход за собой
Уезжаю на отдых,2025-07-11,09:45,10:00,,SELF,Бытовые дела,Уход за собой
Уезжаю на отдых,2025-07-11,10:00,10:15,,SELF,Бытовые дела,Уход за собой
Уезжаю на отдых,2025-07-11,10:15,10:30,,SELF,Бытовые дела,Уход за собой
Уезжаю на отдых,2025-07-11,10:30,10:45,,SELF,Бытовые дела,Уход за собой
Уезжаю на отдых,2025-07-11,10:45,11:00,,SELF,Бытовые дела,Уход за собой
Уезжаю на отдых,2025-07-11,11:00,11:15,,SELF,Бытовые дела,Уход за собой
Уезжаю на отдых,2025-07-11,11:15,11:30,,SELF,Бытовые дела,Уход за собой
Уезжаю на отдых,2025-07-11,11:30,11:45,,SELF,Бытовые дела,Уход за собой
Уезжаю на отдых,2025-07-11,11:45,12:00,,SELF,Бытовые дела,Уход за собой
Уезжаю на отдых,2025-07-11,12:00,12:15,,SELF,Бытовые дела,Уход за собой
Уезжаю на отдых,2025-07-11,12:15,12:30,,SELF,Бытовые дела,Уход за собой
Уезжаю на отдых,2025-07-11,12:30,12:45,,SELF,Бытовые дела,Уход за собой
Уезжаю на отдых,2025-07-11,12:45,13:00,,SELF,Бытовые дела,Уход за собой
Уезжаю на отдых,2025-07-11,13:00,13:15,,SELF,Бытовые дела,Уход за собой
Уезжаю на отдых,2025-07-11,13:15,13:30,,SELF,Бытовые дела,Уход за собой
Уезжаю на отдых,2025-07-11,13:30,13:45,,SELF,Бытовые дела,Уход за собой
Уезжаю на отдых,2025-07-11,13:45,14:00,,SELF,Бытовые дела,Уход за собой
Уезжаю на отдых,2025-07-11,14:00,14:15,,SELF,Бытовые дела,Уход за собой
Уезжаю на отдых,2025-07-11,14:15,14:30,,SELF,Бытовые дела,Уход за собой
Уезжаю на отдых,2025-07-11,14:30,14:45,,SELF,Бытовые дела,Уход за собой
Уезжаю на отдых,2025-07-11,14:45,15:00,,SELF,Бытовые дела,Уход за собой
Уезжаю на отдых,2025-07-11,15:00,15:15,,SELF,Бытовые дела,Уход за собой
Уезжаю на отдых,2025-07-11,15:15,15:30,,SELF,Бытовые дела,Уход за собой
Уезжаю на отдых,2025-07-11,15:30,15:45,,SELF,Бытовые дела,Уход за собой
Уезжаю на отдых,2025-07-11,15:45,16:00,,SELF,Бытовые дела,Уход за собой
Уезжаю на отдых,2025-07-11,16:00,16:15,,SELF,Бытовые дела,Уход за собой
Уезжаю на отдых,2025-07-11,16:15,16:30,,SELF,Бытовые дела,Уход за собой
Уезжаю на отдых,2025-07-11,16:30,16:45,,SELF,Бытовые дела,Уход за собой
Уезжаю на отдых,2025-07-11,16:45,17:00,,SELF,Бытовые дела,Уход за собой
Уезжаю на отдых,2025-07-11,17:00,17:15,,SELF,Бытовые дела,Уход за собой
Уезжаю на отдых,2025-07-11,17:15,17:30,,SELF,Бытовые дела,Уход за собой
Уезжаю на отдых,2025-07-11,17:30,17:45,,SELF,Бытовые дела,Уход за собой
Уезжаю на отдых,2025-07-11,17:45,18:00,,SELF,Бытовые дела,Уход за собой
Уезжаю на отдых,2025-07-11,18:00,18:15,,SELF,Бытовые дела,Уход за собой
Уезжаю на отдых,2025-07-11,18:15,18:30,,SELF,Бытовые дела,Уход за собой
Уезжаю на отдых,2025-07-11,18:30,18:45,,SELF,Бытовые дела,Уход за собой
Уезжаю на отдых,2025-07-11,18:45,19:00,,SELF,Бытовые дела,Уход за собой
Уезжаю на отдых,2025-07-12,00:00,00:15,,SELF,Бытовые дела,Уход за собой
Уезжаю на отдых,2025-07-12,00:15,00:30,,SELF,Бытовые дела,Уход за собой
Уезжаю на отдых,2025-07-12,00:30,00:45,,SELF,Бытовые дела,Уход за собой
Уезжаю на отдых,2025-07-12,00:45,01:00,,SELF,Бытовые дела,Уход за собой
Уезжаю на отдых,2025-07-12,01:00,01:15,,SELF,Бытовые дела,Уход за собой
Уезжаю на отдых,2025-07-12,01:15,01:30,,SELF,Бытовые дела,Уход за собой
Уезжаю на отдых,2025-07-12,01:30,01:45,,SELF,Бытовые дела,Уход за собой
Уезжаю на отдых,2025-07-12,01:45,02:00,,SELF,Бытовые дела,Уход за собой
Уезжаю на отдых,2025-07-12,02:00,02:15,,SELF,Бытовые дела,Уход за собой
Уезжаю на отдых,2025-07-12,02:15,02:30,,SELF,Бытовые дела,Уход за собой
Уезжаю на отдых,2025-07-12,02:30,02:45,,SELF,Бытовые дела,Уход за собой
Уезжаю на отдых,2025-07-12,02:45,03:00,,SELF,Бытовые дела,Уход за собой
Уезжаю на отдых,2025-07-12,03:00,03:15,,SELF,Бытовые дела,Уход за собой
Уезжаю на отдых,2025-07-12,03:15,03:30,,SELF,Бытовые дела,Уход за собой
Уезжаю на отдых,2025-07-12,03:30,03:45,,SELF,Бытовые дела,Уход за собой
Уезжаю на отдых,2025-07-12,03:45,04:00,,SELF,Бытовые дела,Уход за собой
Уезжаю на отдых,2025-07-12,04:00,04:15,,SELF,Бытовые дела,Уход за собой
Уезжаю на отдых,2025-07-12,04:15,04:30,,SELF,Бытовые дела,Уход за собой
Уезжаю на отдых,2025-07-12,04:30,04:45,,SELF,Бытовые дела,Уход за собой
Уезжаю на отдых,2025-07-12,04:45,05:00,,SELF,Бытовые дела,Уход за собой
Уезжаю на отдых,2025-07-12,05:00,05:15,,SELF,Бытовые дела,Уход за собой
Уезжаю на отдых,2025-07-12,05:15,05:30,,SELF,Бытовые дела,Уход за собой
Уезжаю на отдых,2025-07-12,05:30,05:45,,SELF,Бытовые дела,Уход за собой
Уезжаю на отдых,2025-07-12,05:45,06:00,,SELF,Бытовые дела,Уход за собой
Уезжаю на отдых,2025-07-12,06:00,06:15,,SELF,Бытовые дела,Уход за собой
Уезжаю на отдых,2025-07-12,06:15,06:30,,SELF,Бытовые дела,Уход за собой
Уезжаю на отдых,2025-07-12,06:30,06:45,,SELF,Бытовые дела,Уход за собой
Уезжаю на отдых,2025-07-12,06:45,07:00,,SELF,Бытовые дела,Уход за собой
Уезжаю на отдых,2025-07-12,07:00,07:15,,SELF,Бытовые дела,Уход за собой
Уезжаю на отдых,2025-07-12,07:15,07:30,,SELF,Бытовые дела,Уход за собой
Уезжаю на отдых,2025-07-12,07:30,07:45,,SELF,Бытовые дела,Уход за собой
Уезжаю на отдых,2025-07-12,07:45,08:00,,SELF,Бытовые дела,Уход за собой
Уезжаю на отдых,2025-07-12,08:00,08:15,,SELF,Бытовые дела,Уход за собой
Уезжаю на отдых,2025-07-12,08:15,08:30,,SELF,Бытовые дела,Уход за собой
Уезжаю на отдых,2025-07-12,08:30,08:45,,SELF,Бытовые дела,Уход за собой
Уезжаю на отдых,2025-07-12,08:45,09:00,,SELF,Бытовые дела,Уход за собой
Уезжаю на отдых,2025-07-12,09:00,09:15,,SELF,Бытовые дела,Уход за собой
Уезжаю на отдых,2025-07-12,09:15,09:30,,SELF,Бытовые дела,Уход за собой
Уезжаю на отдых,2025-07-12,09:30,09:45,,SELF,Бытовые дела,Уход за собой
Уезжаю на отдых,2025-07-12,09:45,10:00,,SELF,Бытовые дела,Уход за собой
Уезжаю на отдых,2025-07-12,10:00,10:15,,SELF,Бытовые дела,Уход за собой
Уезжаю на отдых,2025-07-12,10:15,10:30,,SELF,Бытовые дела,Уход за собой
Уезжаю на отдых,2025-07-12,10:30,10:45,,SELF,Бытовые дела,Уход за собой
Уезжаю на отдых,2025-07-12,10:45,11:00,,SELF,Бытовые дела,Уход за собой
Уезжаю на отдых,2025-07-12,11:00,11:15,,SELF,Бытовые дела,Уход за собой
Уезжаю на отдых,2025-07-12,11:15,11:30,,SELF,Бытовые дела,Уход за собой
Уезжаю на отдых,2025-07-12,11:30,11:45,,SELF,Бытовые дела,Уход за собой
Уезжаю на отдых,2025-07-12,11:45,12:00,,SELF,Бытовые дела,Уход за собой
Уезжаю на отдых,2025-07-12,12:00,12:15,,SELF,Бытовые дела,Уход за собой
Уезжаю на отдых,2025-07-12,12:15,12:30,,SELF,Бытовые дела,Уход за собой
Уезжаю на отдых,2025-07-12,12:30,12:45,,SELF,Бытовые дела,Уход за собой
Уезжаю на отдых,2025-07-12,12:45,13:00,,SELF,Бытовые дела,Уход за собой
Уезжаю на отдых,2025-07-12,13:00,13:15,,SELF,Бытовые дела,Уход за собой
Уезжаю на отдых,2025-07-12,13:15,13:30,,SELF,Бытовые дела,Уход за собой
Уезжаю на отдых,2025-07-12,13:30,13:45,,SELF,Бытовые дела,Уход за собой
Уезжаю на отдых,2025-07-12,13:45,14:00,,SELF,Бытовые дела,Уход за собой
Уезжаю на отдых,2025-07-12,14:00,14:15,,SELF,Бытовые дела,Уход за собой
Уезжаю на отдых,2025-07-12,14:15,14:30,,SELF,Бытовые дела,Уход за собой
Уезжаю на отдых,2025-07-12,14:30,14:45,,SELF,Бытовые дела,Уход за собой
Уезжаю на отдых,2025-07-12,14:45,15:00,,SELF,Бытовые дела,Уход за собой
Уезжаю на отдых,2025-07-12,15:00,15:15,,SELF,Бытовые дела,Уход за собой
Уезжаю на отдых,2025-07-12,15:15,15:30,,SELF,Бытовые дела,Уход за собой
Уезжаю на отдых,2025-07-12,15:30,15:45,,SELF,Бытовые дела,Уход за собой
Уезжаю на отдых,2025-07-12,15:45,16:00,,SELF,Бытовые дела,Уход за собой
Уезжаю на отдых,2025-07-12,16:00,16:15,,SELF,Бытовые дела,Уход за собой
Уезжаю на отдых,2025-07-12,16:15,16:30,,SELF,Бытовые дела,Уход за собой
Уезжаю на отдых,2025-07-12,16:30,16:45,,SELF,Бытовые дела,Уход за собой
Уезжаю на отдых,2025-07-12,16:45,17:00,,SELF,Бытовые дела,Уход за собой
Уезжаю на отдых,2025-07-12,17:00,17:15,,SELF,Бытовые дела,Уход за собой
Уезжаю на отдых,2025-07-12,17:15,17:30,,SELF,Бытовые дела,Уход за собой
Уезжаю на отдых,2025-07-12,17:30,17:45,,SELF,Бытовые дела,Уход за собой
Уезжаю на отдых,2025-07-12,17:45,18:00,,SELF,Бытовые дела,Уход за собой
Уезжаю на отдых,2025-07-12,18:00,18:15,,SELF,Бытовые дела,Уход за собой
Уезжаю на отдых,2025-07-12,18:15,18:30,,SELF,Бытовые дела,Уход за собой
Уезжаю на отдых,2025-07-12,18:30,18:45,,SELF,Бытовые дела,Уход за собой
Уезжаю на отдых,2025-07-12,18:45,19:00,,SELF,Бытовые дела,Уход за собой
Подъём,2025-07-13,02:00,02:15,,SELF,Сон и восстановление,Уход за собой
в дороге,2025-07-13,02:30,02:45,,SELF,Бытовые дела,Уход за собой
в дороге,2025-07-13,02:45,03:00,,SELF,Бытовые дела,Уход за собой
Спортзал,2025-07-13,03:00,03:15,,SELF,Здоровье и спорт,Крепкое здоровье
Спортзал,2025-07-13,03:15,03:30,,SELF,Здоровье и спорт,Крепкое здоровье
Спортзал,2025-07-13,03:30,03:45,,SELF,Здоровье и спорт,Крепкое здоровье
Спортзал,2025-07-13,03:45,04:00,,SELF,Здоровье и спорт,Крепкое здоровье
Спортзал,2025-07-13,04:00,04:15,,SELF,Здоровье и спорт,Крепкое здоровье
в дороге,2025-07-13,04:15,04:30,,SELF,Бытовые дела,Уход за собой
в дороге,2025-07-13,04:30,04:45,,SELF,Бытовые дела,Уход за собой
в дороге,2025-07-13,04:45,05:00,,SELF,Бытовые дела,Уход за собой
в дороге,2025-07-13,08:00,08:15,,SELF,Бытовые дела,Уход за собой
в дороге,2025-07-13,08:15,08:30,,SELF,Бытовые дела,Уход за собой
в дороге,2025-07-13,08:30,08:45,,SELF,Бытовые дела,Уход за собой
в дороге,2025-07-13,08:45,09:00,,SELF,Бытовые дела,Уход за собой
в дороге,2025-07-13,09:00,09:15,,SELF,Бытовые дела,Уход за собой
в дороге,2025-07-13,09:15,09:30,,SELF,Бытовые дела,Уход за собой
Клуб английского,2025-07-13,09:30,09:45,,SELF,Изучение английского,Мощное творчество
Клуб английского,2025-07-13,09:45,10:00,,SELF,Изучение английского,Мощное творчество
Клуб английского,2025-07-13,10:00,10:15,,SELF,Изучение английского,Мощное творчество
Клуб английского,2025-07-13,10:15,10:30,,SELF,Изучение английского,Мощное творчество
Клуб английского,2025-07-13,10:30,10:45,,SELF,Изучение английского,Мощное творчество
Клуб английского,2025-07-13,10:45,11:00,,SELF,Изучение английского,Мощное творчество
Клуб английского,2025-07-13,11:00,11:15,,SELF,Изучение английского,Мощное творчество
Клуб английского,2025-07-13,11:15,11:30,,SELF,Изучение английского,Мощное творчество
Клуб английского,2025-07-13,11:30,11:45,,SELF,Изучение английского,Мощное творчество
Клуб английского,2025-07-13,11:45,12:00,,SELF,Изучение английского,Мощное творчество
Клуб английского,2025-07-13,12:00,12:15,,SELF,Изучение английского,Мощное творчество
Изучение AI. Скиллы,2025-07-13,12:15,12:30,,SELF,Разработка WOLF,Мощное творчество
Изучение AI. Скиллы,2025-07-13,12:30,12:45,,SELF,Разработка WOLF,Мощное творчество
Изучение AI. Скиллы,2025-07-13,12:45,13:00,,SELF,Разработка WOLF,Мощное творчество
Изучение AI. Скиллы,2025-07-13,13:00,13:15,,SELF,Разработка WOLF,Мощное творчество
Изучение AI. Скиллы,2025-07-13,13:15,13:30,,SELF,Разработка WOLF,Мощное творчество
Изучение AI. Скиллы,2025-07-13,13:30,13:45,,SELF,Разработка WOLF,Мощное творчество
AI.WOLF,2025-07-13,13:45,14:00,,SELF,Разработка WOLF,Мощное творчество
AI.WOLF,2025-07-13,14:00,14:15,,SELF,Разработка WOLF,Мощное творчество
AI.WOLF,2025-07-13,14:15,14:30,,SELF,Разработка WOLF,Мощное творчество
AI.WOLF,2025-07-13,14:30,14:45,,SELF,Разработка WOLF,Мощное творчество
AI.WOLF,2025-07-13,14:45,15:00,,SELF,Разработка WOLF,Мощное творчество
в дороге,2025-07-13,15:00,15:15,,SELF,Бытовые дела,Уход за собой
в дороге,2025-07-13,15:15,15:30,,SELF,Бытовые дела,Уход за собой
в дороге,2025-07-13,15:30,15:45,,SELF,Бытовые дела,Уход за собой
в дороге,2025-07-13,15:45,16:00,,SELF,Бытовые дела,Уход за собой
Отдых,2025-07-13,16:00,16:15,,SELF,Отдых и развлечения,Уход за собой
Отдых,2025-07-13,16:15,16:30,,SELF,Отдых и развлечения,Уход за собой
Отдых,2025-07-13,16:30,16:45,,SELF,Отдых и развлечения,Уход за собой
Отдых,2025-07-13,16:45,17:00,,SELF,Отдых и развлечения,Уход за собой
сон,2025-07-13,17:30,17:45,,SELF,Сон и восстановление,Уход за собой
сон,2025-07-13,17:45,18:00,,SELF,Сон и восстановление,Уход за собой
сон,2025-07-13,18:00,18:15,,SELF,Сон и восстановление,Уход за собой
сон,2025-07-13,18:15,18:30,,SELF,Сон и восстановление,Уход за собой
сон,2025-07-13,18:30,18:45,,SELF,Сон и восстановление,Уход за собой
сон,2025-07-13,18:45,19:00,,SELF,Сон и восстановление,Уход за собой
сон,2025-07-13,19:00,19:15,,SELF,Сон и восстановление,Уход за собой
Подъём,2025-07-14,02:00,02:15,,SELF,Сон и восстановление,Уход за собой
Планирование,2025-07-14,06:00,06:15,,SELF,Планирование и рефлексия,Мощное творчество
Настройка окружения,2025-07-14,08:00,08:15,,SELF,Обучение профессии QA-инженер,Мощное творчество
Настройка окружения,2025-07-14,08:15,08:30,,SELF,Обучение профессии QA-инженер,Мощное творчество
Настройка окружения,2025-07-14,08:30,08:45,,SELF,Обучение профессии QA-инженер,Мощное творчество
Настройка окружения,2025-07-14,08:45,09:00,,SELF,Обучение профессии QA-инженер,Мощное творчество
Настройка окружения,2025-07-14,09:00,09:15,,SELF,Обучение профессии QA-инженер,Мощное творчество
Настройка окружения,2025-07-14,09:15,09:30,,SELF,Обучение профессии QA-инженер,Мощное творчество
Настройка окружения,2025-07-14,09:30,09:45,,SELF,Обучение профессии QA-инженер,Мощное творчество
Настройка окружения,2025-07-14,09:45,10:00,,SELF,Обучение профессии QA-инженер,Мощное творчество
Настройка окружения,2025-07-14,10:00,10:15,,SELF,Обучение профессии QA-инженер,Мощное творчество
Настройка окружения,2025-07-14,10:15,10:30,,SELF,Обучение профессии QA-инженер,Мощное творчество
Настройка окружения,2025-07-14,10:30,10:45,,SELF,Обучение профессии QA-инженер,Мощное творчество
Настройка окружения,2025-07-14,10:45,11:00,,SELF,Обучение профессии QA-инженер,Мощное творчество
Настройка окружения,2025-07-14,11:00,11:15,,SELF,Обучение профессии QA-инженер,Мощное творчество
Настройка окружения,2025-07-14,11:15,11:30,,SELF,Обучение профессии QA-инженер,Мощное творчество
Настройка окружения,2025-07-14,11:30,11:45,,SELF,Обучение профессии QA-инженер,Мощное творчество
Настройка окружения,2025-07-14,11:45,12:00,,SELF,Обучение профессии QA-инженер,Мощное творчество
Настройка окружения,2025-07-14,12:00,12:15,,SELF,Обучение профессии QA-инженер,Мощное творчество
Java,2025-07-14,12:30,12:45,,SELF,Обучение профессии QA-инженер,Мощное творчество
Java,2025-07-14,12:45,13:00,,SELF,Обучение профессии QA-инженер,Мощное творчество
Java,2025-07-14,13:00,13:15,,SELF,Обучение профессии QA-инженер,Мощное творчество
сон,2025-07-14,17:30,17:45,,SELF,Сон и восстановление,Уход за собой
сон,2025-07-14,17:45,18:00,,SELF,Сон и восстановление,Уход за собой
сон,2025-07-14,18:00,18:15,,SELF,Сон и восстановление,Уход за собой
сон,2025-07-14,18:15,18:30,,SELF,Сон и восстановление,Уход за собой
сон,2025-07-14,18:30,18:45,,SELF,Сон и восстановление,Уход за собой
сон,2025-07-14,18:45,19:00,,SELF,Сон и восстановление,Уход за собой
сон,2025-07-14,19:00,19:15,,SELF,Сон и восстановление,Уход за собой
Подъём,2025-07-15,02:00,02:15,,SELF,Сон и восстановление,Уход за собой
Настройка окружения,2025-07-15,06:00,06:15,,SELF,Обучение профессии QA-инженер,Мощное творчество
Настройка окружения,2025-07-15,06:15,06:30,,SELF,Обучение профессии QA-инженер,Мощное творчество
Настройка окружения,2025-07-15,06:30,06:45,,SELF,Обучение профессии QA-инженер,Мощное творчество
Настройка окружения,2025-07-15,06:45,07:00,,SELF,Обучение профессии QA-инженер,Мощное творчество
Настройка окружения,2025-07-15,07:00,07:15,,SELF,Обучение профессии QA-инженер,Мощное творчество
Настройка окружения,2025-07-15,07:15,07:30,,SELF,Обучение профессии QA-инженер,Мощное творчество
Настройка окружения,2025-07-15,07:30,07:45,,SELF,Обучение профессии QA-инженер,Мощное творчество
в спортзал,2025-07-15,10:30,10:45,,SELF,Здоровье и спорт,Крепкое здоровье
в спортзал,2025-07-15,10:45,11:00,,SELF,Здоровье и спорт,Крепкое здоровье
Спортзал,2025-07-15,11:00,11:15,,SELF,Здоровье и спорт,Крепкое здоровье
Спортзал,2025-07-15,11:15,11:30,,SELF,Здоровье и спорт,Крепкое здоровье
Спортзал,2025-07-15,11:30,11:45,,SELF,Здоровье и спорт,Крепкое здоровье
Спортзал,2025-07-15,11:45,12:00,,SELF,Здоровье и спорт,Крепкое здоровье
Спортзал,2025-07-15,12:00,12:15,,SELF,Здоровье и спорт,Крепкое здоровье
в спортзал,2025-07-15,12:15,12:30,,SELF,Здоровье и спорт,Крепкое здоровье
в спортзал,2025-07-15,12:30,12:45,,SELF,Здоровье и спорт,Крепкое здоровье
сон,2025-07-15,17:30,17:45,,SELF,Сон и восстановление,Уход за собой
сон,2025-07-15,17:45,18:00,,SELF,Сон и восстановление,Уход за собой
сон,2025-07-15,18:00,18:15,,SELF,Сон и восстановление,Уход за собой
сон,2025-07-15,18:15,18:30,,SELF,Сон и восстановление,Уход за собой
сон,2025-07-15,18:30,18:45,,SELF,Сон и восстановление,Уход за собой
сон,2025-07-15,18:45,19:00,,SELF,Сон и восстановление,Уход за собой
сон,2025-07-15,19:00,19:15,,SELF,Сон и восстановление,Уход за собой
Подъём,2025-07-16,02:00,02:15,,SELF,Сон и восстановление,Уход за собой
Планирование,2025-07-16,05:00,05:15,,SELF,Планирование и рефлексия,Мощное творчество
AI.Безопасность,2025-07-16,07:15,07:30,,SELF,Разработка WOLF,Мощное творчество
AI.Безопасность,2025-07-16,07:30,07:45,,SELF,Разработка WOLF,Мощное творчество
AI.Безопасность,2025-07-16,07:45,08:00,,SELF,Разработка WOLF,Мощное творчество
Настройка окружения,2025-07-16,08:15,08:30,,SELF,Обучение профессии QA-инженер,Мощное творчество
Настройка окружения,2025-07-16,08:30,08:45,,SELF,Обучение профессии QA-инженер,Мощное творчество
Настройка окружения,2025-07-16,08:45,09:00,,SELF,Обучение профессии QA-инженер,Мощное творчество
в дороге,2025-07-16,12:00,12:15,,SELF,Бытовые дела,Уход за собой
в дороге,2025-07-16,12:15,12:30,,SELF,Бытовые дела,Уход за собой
Спортзал,2025-07-16,12:30,12:45,,SELF,Здоровье и спорт,Крепкое здоровье
Спортзал,2025-07-16,12:45,13:00,,SELF,Здоровье и спорт,Крепкое здоровье
Спортзал,2025-07-16,13:00,13:15,,SELF,Здоровье и спорт,Крепкое здоровье
Спортзал,2025-07-16,13:15,13:30,,SELF,Здоровье и спорт,Крепкое здоровье
Спортзал,2025-07-16,13:30,13:45,,SELF,Здоровье и спорт,Крепкое здоровье
Спортзал,2025-07-16,13:45,14:00,,SELF,Здоровье и спорт,Крепкое здоровье
Спортзал,2025-07-16,14:00,14:15,,SELF,Здоровье и спорт,Крепкое здоровье
Спортзал,2025-07-16,14:15,14:30,,SELF,Здоровье и спорт,Крепкое здоровье
Настройка окружения,2025-07-16,15:00,15:15,,SELF,Обучение профессии QA-инженер,Мощное творчество
Настройка окружения,2025-07-16,15:15,15:30,,SELF,Обучение профессии QA-инженер,Мощное творчество
Настройка окружения,2025-07-16,15:30,15:45,,SELF,Обучение профессии QA-инженер,Мощное творчество
Настройка окружения,2025-07-16,15:45,16:00,,SELF,Обучение профессии QA-инженер,Мощное творчество
сон,2025-07-16,17:30,17:45,,SELF,Сон и восстановление,Уход за собой
сон,2025-07-16,17:45,18:00,,SELF,Сон и восстановление,Уход за собой
сон,2025-07-16,18:00,18:15,,SELF,Сон и восстановление,Уход за собой
сон,2025-07-16,18:15,18:30,,SELF,Сон и восстановление,Уход за собой
сон,2025-07-16,18:30,18:45,,SELF,Сон и восстановление,Уход за собой
сон,2025-07-16,18:45,19:00,,SELF,Сон и восстановление,Уход за собой
сон,2025-07-16,19:00,19:15,,SELF,Сон и восстановление,Уход за собой
Подъём,2025-07-17,02:00,02:15,,SELF,Сон и восстановление,Уход за собой
Планирование,2025-07-17,05:00,05:15,,SELF,Планирование и рефлексия,Мощное творчество
Настройка окружения,2025-07-17,06:00,06:15,,SELF,Обучение профессии QA-инженер,Мощное творчество
Настройка окружения,2025-07-17,06:15,06:30,,SELF,Обучение профессии QA-инженер,Мощное творчество
Настройка окружения,2025-07-17,06:30,06:45,,SELF,Обучение профессии QA-инженер,Мощное творчество
Настройка окружения,2025-07-17,06:45,07:00,,SELF,Обучение профессии QA-инженер,Мощное творчество
Настройка окружения,2025-07-17,07:00,07:15,,SELF,Обучение профессии QA-инженер,Мощное творчество
Настройка окружения,2025-07-17,07:15,07:30,,SELF,Обучение профессии QA-инженер,Мощное творчество
Настройка окружения,2025-07-17,07:30,07:45,,SELF,Обучение профессии QA-инженер,Мощное творчество
Настройка окружения,2025-07-17,07:45,08:00,,SELF,Обучение профессии QA-инженер,Мощное творчество
в спортзал,2025-07-17,10:30,10:45,,SELF,Здоровье и спорт,Крепкое здоровье
в спортзал,2025-07-17,10:45,11:00,,SELF,Здоровье и спорт,Крепкое здоровье
Спортзал,2025-07-17,11:00,11:15,,SELF,Здоровье и спорт,Крепкое здоровье
Спортзал,2025-07-17,11:15,11:30,,SELF,Здоровье и спорт,Крепкое здоровье
Спортзал,2025-07-17,11:30,11:45,,SELF,Здоровье и спорт,Крепкое здоровье
Спортзал,2025-07-17,11:45,12:00,,SELF,Здоровье и спорт,Крепкое здоровье
Спортзал,2025-07-17,12:00,12:15,,SELF,Здоровье и спорт,Крепкое здоровье
в спортзал,2025-07-17,12:15,12:30,,SELF,Здоровье и спорт,Крепкое здоровье
в спортзал,2025-07-17,12:30,12:45,,SELF,Здоровье и спорт,Крепкое здоровье
Настройка окружения,2025-07-17,13:00,13:15,,SELF,Обучение профессии QA-инженер,Мощное творчество
Настройка окружения,2025-07-17,13:15,13:30,,SELF,Обучение профессии QA-инженер,Мощное творчество
Настройка окружения,2025-07-17,13:30,13:45,,SELF,Обучение профессии QA-инженер,Мощное творчество
Настройка окружения,2025-07-17,13:45,14:00,,SELF,Обучение профессии QA-инженер,Мощное творчество
Настройка окружения,2025-07-17,14:00,14:15,,SELF,Обучение профессии QA-инженер,Мощное творчество
Настройка окружения,2025-07-17,14:15,14:30,,SELF,Обучение профессии QA-инженер,Мощное творчество
Настройка окружения,2025-07-17,14:30,14:45,,SELF,Обучение профессии QA-инженер,Мощное творчество
сон,2025-07-17,17:30,17:45,,SELF,Сон и восстановление,Уход за собой
сон,2025-07-17,17:45,18:00,,SELF,Сон и восстановление,Уход за собой
сон,2025-07-17,18:00,18:15,,SELF,Сон и восстановление,Уход за собой
сон,2025-07-17,18:15,18:30,,SELF,Сон и восстановление,Уход за собой
сон,2025-07-17,18:30,18:45,,SELF,Сон и восстановление,Уход за собой
сон,2025-07-17,18:45,19:00,,SELF,Сон и восстановление,Уход за собой
сон,2025-07-17,19:00,19:15,,SELF,Сон и восстановление,Уход за собой
Подъём,2025-07-18,02:00,02:15,,SELF,Сон и восстановление,Уход за собой
Планирование,2025-07-18,05:00,05:15,,SELF,Планирование и рефлексия,Мощное творчество
выйти,2025-07-18,07:00,07:15,,SELF,Бытовые дела,Уход за собой
Стоматолог,2025-07-18,08:00,08:15,,SELF,Здоровье и спорт,Крепкое здоровье
Стоматолог,2025-07-18,08:15,08:30,,SELF,Здоровье и спорт,Крепкое здоровье
Стоматолог,2025-07-18,08:30,08:45,,SELF,Здоровье и спорт,Крепкое здоровье
Стоматолог,2025-07-18,08:45,09:00,,SELF,Здоровье и спорт,Крепкое здоровье
Стоматолог,2025-07-18,09:00,09:15,,SELF,Здоровье и спорт,Крепкое здоровье
Стоматолог,2025-07-18,09:15,09:30,,SELF,Здоровье и спорт,Крепкое здоровье
Стоматолог,2025-07-18,09:30,09:45,,SELF,Здоровье и спорт,Крепкое здоровье
сон,2025-07-18,17:30,17:45,,SELF,Сон и восстановление,Уход за собой
сон,2025-07-18,17:45,18:00,,SELF,Сон и восстановление,Уход за собой
сон,2025-07-18,18:00,18:15,,SELF,Сон и восстановление,Уход за собой
сон,2025-07-18,18:15,18:30,,SELF,Сон и восстановление,Уход за собой
сон,2025-07-18,18:30,18:45,,SELF,Сон и восстановление,Уход за собой
сон,2025-07-18,18:45,19:00,,SELF,Сон и восстановление,Уход за собой
сон,2025-07-18,19:00,19:15,,SELF,Сон и восстановление,Уход за собой
Подъём,2025-07-19,04:00,04:15,,SELF,Сон и восстановление,Уход за собой
AI.WOLF,2025-07-19,04:30,04:45,,SELF,Разработка WOLF,Мощное творчество
AI.WOLF,2025-07-19,04:45,05:00,,SELF,Разработка WOLF,Мощное творчество
AI.WOLF,2025-07-19,05:00,05:15,,SELF,Разработка WOLF,Мощное творчество
AI.WOLF,2025-07-19,05:15,05:30,,SELF,Разработка WOLF,Мощное творчество
AI.WOLF,2025-07-19,05:30,05:45,,SELF,Разработка WOLF,Мощное творчество
AI.WOLF,2025-07-19,05:45,06:00,,SELF,Разработка WOLF,Мощное творчество
AI.WOLF,2025-07-19,06:00,06:15,,SELF,Разработка WOLF,Мощное творчество
AI.WOLF,2025-07-19,06:15,06:30,,SELF,Разработка WOLF,Мощное творчество
AI.WOLF,2025-07-19,06:30,06:45,,SELF,Разработка WOLF,Мощное творчество
AI.WOLF,2025-07-19,06:45,07:00,,SELF,Разработка WOLF,Мощное творчество
AI.WOLF,2025-07-19,07:00,07:15,,SELF,Разработка WOLF,Мощное творчество
AI.WOLF,2025-07-19,07:15,07:30,,SELF,Разработка WOLF,Мощное творчество
AI.WOLF,2025-07-19,07:30,07:45,,SELF,Разработка WOLF,Мощное творчество
AI.WOLF,2025-07-19,07:45,08:00,,SELF,Разработка WOLF,Мощное творчество
AI.WOLF,2025-07-19,08:00,08:15,,SELF,Разработка WOLF,Мощное творчество
AI.WOLF,2025-07-19,08:15,08:30,,SELF,Разработка WOLF,Мощное творчество
AI.WOLF,2025-07-19,08:30,08:45,,SELF,Разработка WOLF,Мощное творчество
AI.WOLF,2025-07-19,08:45,09:00,,SELF,Разработка WOLF,Мощное творчество
AI.WOLF,2025-07-19,09:00,09:15,,SELF,Разработка WOLF,Мощное творчество
AI.WOLF,2025-07-19,09:15,09:30,,SELF,Разработка WOLF,Мощное творчество
AI.WOLF,2025-07-19,09:30,09:45,,SELF,Разработка WOLF,Мощное творчество
AI.WOLF,2025-07-19,09:45,10:00,,SELF,Разработка WOLF,Мощное творчество
AI.WOLF,2025-07-19,10:00,10:15,,SELF,Разработка WOLF,Мощное творчество
AI.WOLF,2025-07-19,10:15,10:30,,SELF,Разработка WOLF,Мощное творчество
AI.WOLF,2025-07-19,10:30,10:45,,SELF,Разработка WOLF,Мощное творчество
AI.WOLF,2025-07-19,10:45,11:00,,SELF,Разработка WOLF,Мощное творчество
AI.WOLF,2025-07-19,11:00,11:15,,SELF,Разработка WOLF,Мощное творчество
AI.WOLF,2025-07-19,11:15,11:30,,SELF,Разработка WOLF,Мощное творчество
AI.WOLF,2025-07-19,11:30,11:45,,SELF,Разработка WOLF,Мощное творчество
AI.WOLF,2025-07-19,11:45,12:00,,SELF,Разработка WOLF,Мощное творчество
AI.WOLF,2025-07-19,12:00,12:15,,SELF,Разработка WOLF,Мощное творчество
AI.WOLF,2025-07-19,12:15,12:30,,SELF,Разработка WOLF,Мощное творчество
AI.WOLF,2025-07-19,12:30,12:45,,SELF,Разработка WOLF,Мощное творчество
AI.WOLF,2025-07-19,12:45,13:00,,SELF,Разработка WOLF,Мощное творчество
AI.WOLF,2025-07-19,13:00,13:15,,SELF,Разработка WOLF,Мощное творчество
AI.WOLF,2025-07-19,13:15,13:30,,SELF,Разработка WOLF,Мощное творчество
AI.WOLF,2025-07-19,13:30,13:45,,SELF,Разработка WOLF,Мощное творчество
AI.WOLF,2025-07-19,13:45,14:00,,SELF,Разработка WOLF,Мощное творчество
AI.WOLF,2025-07-19,14:00,14:15,,SELF,Разработка WOLF,Мощное творчество
AI.WOLF,2025-07-19,14:15,14:30,,SELF,Разработка WOLF,Мощное творчество
AI.WOLF,2025-07-19,14:30,14:45,,SELF,Разработка WOLF,Мощное творчество
AI.WOLF,2025-07-19,14:45,15:00,,SELF,Разработка WOLF,Мощное творчество
сон,2025-07-19,17:30,17:45,,SELF,Сон и восстановление,Уход за собой
сон,2025-07-19,17:45,18:00,,SELF,Сон и восстановление,Уход за собой
сон,2025-07-19,18:00,18:15,,SELF,Сон и восстановление,Уход за собой
сон,2025-07-19,18:15,18:30,,SELF,Сон и восстановление,Уход за собой
сон,2025-07-19,18:30,18:45,,SELF,Сон и восстановление,Уход за собой
сон,2025-07-19,18:45,19:00,,SELF,Сон и восстановление,Уход за собой
сон,2025-07-19,19:00,19:15,,SELF,Сон и восстановление,Уход за собой
Сон,2025-07-20,00:00,00:15,,SELF,Сон и восстановление,Уход за собой
Сон,2025-07-20,00:15,00:30,,SELF,Сон и восстановление,Уход за собой
Сон,2025-07-20,00:30,00:45,,SELF,Сон и восстановление,Уход за собой
Сон,2025-07-20,00:45,01:00,,SELF,Сон и восстановление,Уход за собой
Сон,2025-07-20,01:00,01:15,,SELF,Сон и восстановление,Уход за собой
Сон,2025-07-20,01:15,01:30,,SELF,Сон и восстановление,Уход за собой
Просыпание,2025-07-20,01:30,01:45,,SELF,Сон и восстановление,Уход за собой
Неизвестно,2025-07-20,01:45,02:00,,SELF,Бытовые дела,Уход за собой
Неизвестно,2025-07-20,02:00,02:15,,SELF,Бытовые дела,Уход за собой
Неизвестно,2025-07-20,02:15,02:30,,SELF,Бытовые дела,Уход за собой
Неизвестно,2025-07-20,02:30,02:45,,SELF,Бытовые дела,Уход за собой
Неизвестно,2025-07-20,02:45,03:00,,SELF,Бытовые дела,Уход за собой
в спортзал,2025-07-20,03:00,03:15,,SELF,Здоровье и спорт,Крепкое здоровье
в спортзал,2025-07-20,03:15,03:30,,SELF,Здоровье и спорт,Крепкое здоровье
Спортзал,2025-07-20,03:30,03:45,,SELF,Здоровье и спорт,Крепкое здоровье
Спортзал,2025-07-20,03:45,04:00,,SELF,Здоровье и спорт,Крепкое здоровье
Спортзал,2025-07-20,04:00,04:15,,SELF,Здоровье и спорт,Крепкое здоровье
Спортзал,2025-07-20,04:15,04:30,,SELF,Здоровье и спорт,Крепкое здоровье
Спортзал,2025-07-20,04:30,04:45,,SELF,Здоровье и спорт,Крепкое здоровье
в спортзал,2025-07-20,04:45,05:00,,SELF,Здоровье и спорт,Крепкое здоровье
в спортзал,2025-07-20,05:00,05:15,,SELF,Здоровье и спорт,Крепкое здоровье
Отдых,2025-07-20,05:15,05:30,,SELF,Отдых и развлечения,Уход за собой
Отдых,2025-07-20,05:30,05:45,,SELF,Отдых и развлечения,Уход за собой
Отдых,2025-07-20,05:45,06:00,,SELF,Отдых и развлечения,Уход за собой
Отдых,2025-07-20,06:00,06:15,,SELF,Отдых и развлечения,Уход за собой
Отдых,2025-07-20,06:15,06:30,,SELF,Отдых и развлечения,Уход за собой
Отдых,2025-07-20,06:30,06:45,,SELF,Отдых и развлечения,Уход за собой
Отдых,2025-07-20,06:45,07:00,,SELF,Отдых и развлечения,Уход за собой
Отдых,2025-07-20,07:00,07:15,,SELF,Отдых и развлечения,Уход за собой
Отдых,2025-07-20,07:15,07:30,,SELF,Отдых и развлечения,Уход за собой
Отдых,2025-07-20,07:30,07:45,,SELF,Отдых и развлечения,Уход за собой
Отдых,2025-07-20,07:45,08:00,,SELF,Отдых и развлечения,Уход за собой
Отдых,2025-07-20,08:00,08:15,,SELF,Отдых и развлечения,Уход за собой
Отдых,2025-07-20,08:15,08:30,,SELF,Отдых и развлечения,Уход за собой
Отдых,2025-07-20,08:30,08:45,,SELF,Отдых и развлечения,Уход за собой
Отдых,2025-07-20,08:45,09:00,,SELF,Отдых и развлечения,Уход за собой
Отдых,2025-07-20,09:00,09:15,,SELF,Отдых и развлечения,Уход за собой
Отдых,2025-07-20,09:15,09:30,,SELF,Отдых и развлечения,Уход за собой
Отдых,2025-07-20,09:30,09:45,,SELF,Отдых и развлечения,Уход за собой
Отдых,2025-07-20,09:45,10:00,,SELF,Отдых и развлечения,Уход за собой
Отдых,2025-07-20,10:00,10:15,,SELF,Отдых и развлечения,Уход за собой
Отдых,2025-07-20,10:15,10:30,,SELF,Отдых и развлечения,Уход за собой
Отдых,2025-07-20,10:30,10:45,,SELF,Отдых и развлечения,Уход за собой
Отдых,2025-07-20,10:45,11:00,,SELF,Отдых и развлечения,Уход за собой
Отдых,2025-07-20,11:00,11:15,,SELF,Отдых и развлечения,Уход за собой
Отдых,2025-07-20,11:15,11:30,,SELF,Отдых и развлечения,Уход за собой
Отдых,2025-07-20,11:30,11:45,,SELF,Отдых и развлечения,Уход за собой
Отдых,2025-07-20,11:45,12:00,,SELF,Отдых и развлечения,Уход за собой
Отдых,2025-07-20,12:00,12:15,,SELF,Отдых и развлечения,Уход за собой
Отдых,2025-07-20,12:15,12:30,,SELF,Отдых и развлечения,Уход за собой
Отдых,2025-07-20,12:30,12:45,,SELF,Отдых и развлечения,Уход за собой
Отдых,2025-07-20,12:45,13:00,,SELF,Отдых и развлечения,Уход за собой
Отдых,2025-07-20,13:00,13:15,,SELF,Отдых и развлечения,Уход за собой
Отдых,2025-07-20,13:15,13:30,,SELF,Отдых и развлечения,Уход за собой
Отдых,2025-07-20,13:30,13:45,,SELF,Отдых и развлечения,Уход за собой
Отдых,2025-07-20,13:45,14:00,,SELF,Отдых и развлечения,Уход за собой
Отдых,2025-07-20,14:00,14:15,,SELF,Отдых и развлечения,Уход за собой
Отдых,2025-07-20,14:15,14:30,,SELF,Отдых и развлечения,Уход за собой
Отдых,2025-07-20,14:30,14:45,,SELF,Отдых и развлечения,Уход за собой
Отдых,2025-07-20,14:45,15:00,,SELF,Отдых и развлечения,Уход за собой
Отдых,2025-07-20,15:00,15:15,,SELF,Отдых и развлечения,Уход за собой
Отдых,2025-07-20,15:15,15:30,,SELF,Отдых и развлечения,Уход за собой
Отдых,2025-07-20,15:30,15:45,,SELF,Отдых и развлечения,Уход за собой
Отдых,2025-07-20,15:45,16:00,,SELF,Отдых и развлечения,Уход за собой
Отдых,2025-07-20,16:00,16:15,,SELF,Отдых и развлечения,Уход за собой
Отдых,2025-07-20,16:15,16:30,,SELF,Отдых и развлечения,Уход за собой
Отдых,2025-07-20,16:30,16:45,,SELF,Отдых и развлечения,Уход за собой
Отдых,2025-07-20,16:45,17:00,,SELF,Отдых и развлечения,Уход за собой
Отдых,2025-07-20,17:00,17:15,,SELF,Отдых и развлечения,Уход за собой
Отдых,2025-07-20,17:15,17:30,,SELF,Отдых и развлечения,Уход за собой
Сон,2025-07-20,17:30,17:45,,SELF,Сон и восстановление,Уход за собой
Сон,2025-07-20,17:45,18:00,,SELF,Сон и восстановление,Уход за собой
Сон,2025-07-21,00:00,00:15,,SELF,Сон и восстановление,Уход за собой
Сон,2025-07-21,00:15,00:30,,SELF,Сон и восстановление,Уход за собой
Сон,2025-07-21,00:30,00:45,,SELF,Сон и восстановление,Уход за собой
Сон,2025-07-21,00:45,01:00,,SELF,Сон и восстановление,Уход за собой
Сон,2025-07-21,01:00,01:15,,SELF,Сон и восстановление,Уход за собой
Сон,2025-07-21,01:15,01:30,,SELF,Сон и восстановление,Уход за собой
Сон,2025-07-21,01:30,01:45,,SELF,Сон и восстановление,Уход за собой
Сон,2025-07-21,01:45,02:00,,SELF,Сон и восстановление,Уход за собой
Подъём,2025-07-21,02:00,02:15,,SELF,Сон и восстановление,Уход за собой
Подъём,2025-07-21,02:15,02:30,,SELF,Сон и восстановление,Уход за собой
Завтрак,2025-07-21,02:30,02:45,,SELF,Питание,Уход за собой
Завтрак,2025-07-21,02:45,03:00,,SELF,Питание,Уход за собой
уезжаю к брату,2025-07-21,03:00,03:15,,SELF,Бытовые дела,Уход за собой
уезжаю к брату,2025-07-21,03:15,03:30,,SELF,Бытовые дела,Уход за собой
уезжаю к брату,2025-07-21,03:30,03:45,,SELF,Бытовые дела,Уход за собой
уезжаю к брату,2025-07-21,03:45,04:00,,SELF,Бытовые дела,Уход за собой
уезжаю к брату,2025-07-21,04:00,04:15,,SELF,Бытовые дела,Уход за собой
уезжаю к брату,2025-07-21,04:15,04:30,,SELF,Бытовые дела,Уход за собой
уезжаю к брату,2025-07-21,04:30,04:45,,SELF,Бытовые дела,Уход за собой
уезжаю к брату,2025-07-21,04:45,05:00,,SELF,Бытовые дела,Уход за собой
уезжаю к брату,2025-07-21,05:00,05:15,,SELF,Бытовые дела,Уход за собой
уезжаю к брату,2025-07-21,05:15,05:30,,SELF,Бытовые дела,Уход за собой
уезжаю к брату,2025-07-21,05:30,05:45,,SELF,Бытовые дела,Уход за собой
уезжаю к брату,2025-07-21,05:45,06:00,,SELF,Бытовые дела,Уход за собой
уезжаю к брату,2025-07-21,06:00,06:15,,SELF,Бытовые дела,Уход за собой
уезжаю к брату,2025-07-21,06:15,06:30,,SELF,Бытовые дела,Уход за собой
уезжаю к брату,2025-07-21,06:30,06:45,,SELF,Бытовые дела,Уход за собой
уезжаю к брату,2025-07-21,06:45,07:00,,SELF,Бытовые дела,Уход за собой
в дороге,2025-07-21,07:00,07:15,,SELF,Бытовые дела,Уход за собой
в дороге,2025-07-21,07:15,07:30,,SELF,Бытовые дела,Уход за собой
в дороге,2025-07-21,07:30,07:45,,SELF,Бытовые дела,Уход за собой
в дороге,2025-07-21,07:45,08:00,,SELF,Бытовые дела,Уход за собой
в дороге,2025-07-21,08:00,08:15,,SELF,Бытовые дела,Уход за собой
в дороге,2025-07-21,08:15,08:30,,SELF,Бытовые дела,Уход за собой
в дороге,2025-07-21,08:30,08:45,,SELF,Бытовые дела,Уход за собой
обед,2025-07-21,08:45,09:00,,SELF,Питание,Уход за собой
обед,2025-07-21,09:00,09:15,,SELF,Питание,Уход за собой
обед,2025-07-21,09:15,09:30,,SELF,Питание,Уход за собой
отдых,2025-07-21,09:30,09:45,,SELF,Отдых и развлечения,Уход за собой
отдых,2025-07-21,09:45,10:00,,SELF,Отдых и развлечения,Уход за собой
отдых,2025-07-21,10:00,10:15,,SELF,Отдых и развлечения,Уход за собой
отдых,2025-07-21,10:15,10:30,,SELF,Отдых и развлечения,Уход за собой
отдых,2025-07-21,10:30,10:45,,SELF,Отдых и развлечения,Уход за собой
в дороге,2025-07-21,10:45,11:00,,SELF,Бытовые дела,Уход за собой
в дороге,2025-07-21,11:00,11:15,,SELF,Бытовые дела,Уход за собой
в дороге,2025-07-21,11:15,11:30,,SELF,Бытовые дела,Уход за собой
в дороге,2025-07-21,11:30,11:45,,SELF,Бытовые дела,Уход за собой
в дороге,2025-07-21,11:45,12:00,,SELF,Бытовые дела,Уход за собой
Муз курсы,2025-07-21,12:00,12:15,,SELF,Обучение профессии музыкант,Мощное творчество
Муз курсы,2025-07-21,12:15,12:30,,SELF,Обучение профессии музыкант,Мощное творчество
Муз курсы,2025-07-21,12:30,12:45,,SELF,Обучение профессии музыкант,Мощное творчество
Муз курсы,2025-07-21,12:45,13:00,,SELF,Обучение профессии музыкант,Мощное творчество
в дороге,2025-07-21,13:00,13:15,,SELF,Бытовые дела,Уход за собой
в дороге,2025-07-21,13:15,13:30,,SELF,Бытовые дела,Уход за собой
в дороге,2025-07-21,13:30,13:45,,SELF,Бытовые дела,Уход за собой
в дороге,2025-07-21,13:45,14:00,,SELF,Бытовые дела,Уход за собой
в дороге,2025-07-21,14:00,14:15,,SELF,Бытовые дела,Уход за собой
Отдых,2025-07-21,14:15,14:30,,SELF,Отдых и развлечения,Уход за собой
Отдых,2025-07-21,14:30,14:45,,SELF,Отдых и развлечения,Уход за собой
Отдых,2025-07-21,14:45,15:00,,SELF,Отдых и развлечения,Уход за собой
Отдых,2025-07-21,15:00,15:15,,SELF,Отдых и развлечения,Уход за собой
Отдых,2025-07-21,15:15,15:30,,SELF,Отдых и развлечения,Уход за собой
Отдых,2025-07-21,15:30,15:45,,SELF,Отдых и развлечения,Уход за собой
Отдых,2025-07-21,15:45,16:00,,SELF,Отдых и развлечения,Уход за собой
Отдых,2025-07-21,16:00,16:15,,SELF,Отдых и развлечения,Уход за собой
Отдых,2025-07-21,16:15,16:30,,SELF,Отдых и развлечения,Уход за собой
Сон,2025-07-21,16:30,16:45,,SELF,Сон и восстановление,Уход за собой
Сон,2025-07-21,16:45,17:00,,SELF,Сон и восстановление,Уход за собой
Сон,2025-07-21,17:00,17:15,,SELF,Сон и восстановление,Уход за собой
Сон,2025-07-21,17:15,17:30,,SELF,Сон и восстановление,Уход за собой
Сон,2025-07-21,17:30,17:45,,SELF,Сон и восстановление,Уход за собой
Сон,2025-07-21,17:45,18:00,,SELF,Сон и восстановление,Уход за собой
Сон,2025-07-22,00:00,00:15,,SELF,Сон и восстановление,Уход за собой
Сон,2025-07-22,00:15,00:30,,SELF,Сон и восстановление,Уход за собой
Сон,2025-07-22,00:30,00:45,,SELF,Сон и восстановление,Уход за собой
Сон,2025-07-22,00:45,01:00,,SELF,Сон и восстановление,Уход за собой
Сон,2025-07-22,01:00,01:15,,SELF,Сон и восстановление,Уход за собой
Сон,2025-07-22,01:15,01:30,,SELF,Сон и восстановление,Уход за собой
Подъём,2025-07-22,01:30,01:45,,SELF,Сон и восстановление,Уход за собой
Завтрак,2025-07-22,01:45,02:00,,SELF,Питание,Уход за собой
Завтрак,2025-07-22,02:00,02:15,,SELF,Питание,Уход за собой
Утренняя раскачка,2025-07-22,02:15,02:30,,SELF,Здоровье и спорт,Крепкое здоровье
Утренняя раскачка,2025-07-22,02:30,02:45,,SELF,Здоровье и спорт,Крепкое здоровье
Утренняя раскачка,2025-07-22,02:45,03:00,,SELF,Здоровье и спорт,Крепкое здоровье
Утренняя раскачка,2025-07-22,03:00,03:15,,SELF,Здоровье и спорт,Крепкое здоровье
Утренняя раскачка,2025-07-22,03:15,03:30,,SELF,Здоровье и спорт,Крепкое здоровье
завтрак,2025-07-22,03:30,03:45,,SELF,Питание,Уход за собой
завтрак,2025-07-22,03:45,04:00,,SELF,Питание,Уход за собой
Планирование,2025-07-22,04:00,04:15,,SELF,Планирование и рефлексия,Мощное творчество
Планирование,2025-07-22,04:15,04:30,,SELF,Планирование и рефлексия,Мощное творчество
Утренняя раскачка,2025-07-22,04:30,04:45,,SELF,Здоровье и спорт,Крепкое здоровье
Утренняя раскачка,2025-07-22,04:45,05:00,,SELF,Здоровье и спорт,Крепкое здоровье
Утренняя раскачка,2025-07-22,05:00,05:15,,SELF,Здоровье и спорт,Крепкое здоровье
Утренняя раскачка,2025-07-22,05:15,05:30,,SELF,Здоровье и спорт,Крепкое здоровье
Настройка окружения. Подключение второго монитора,2025-07-22,05:30,05:45,,SELF,Обучение профессии QA-инженер,Мощное творчество
Настройка окружения. Подключение второго монитора,2025-07-22,05:45,06:00,,SELF,Обучение профессии QA-инженер,Мощное творчество
Настройка окружения. Подключение второго монитора,2025-07-22,06:00,06:15,,SELF,Обучение профессии QA-инженер,Мощное творчество
Настройка окружения. Подключение второго монитора,2025-07-22,06:15,06:30,,SELF,Обучение профессии QA-инженер,Мощное творчество
обед,2025-07-22,06:30,06:45,,SELF,Питание,Уход за собой
обед,2025-07-22,06:45,07:00,,SELF,Питание,Уход за собой
Работа над заказом KNAV,2025-07-22,07:00,07:15,,SELF,Работа KNAV,Мощное творчество
Работа над заказом KNAV,2025-07-22,07:15,07:30,,SELF,Работа KNAV,Мощное творчество
Работа над заказом KNAV,2025-07-22,07:30,07:45,,SELF,Работа KNAV,Мощное творчество
Работа над заказом KNAV,2025-07-22,07:45,08:00,,SELF,Работа KNAV,Мощное творчество
Работа над заказом KNAV,2025-07-22,08:00,08:15,,SELF,Работа KNAV,Мощное творчество
Работа над заказом KNAV,2025-07-22,08:15,08:30,,SELF,Работа KNAV,Мощное творчество
Работа над заказом KNAV,2025-07-22,08:30,08:45,,SELF,Работа KNAV,Мощное творчество
Работа над заказом KNAV,2025-07-22,08:45,09:00,,SELF,Работа KNAV,Мощное творчество
Работа над заказом KNAV,2025-07-22,09:00,09:15,,SELF,Работа KNAV,Мощное творчество
Работа над заказом KNAV,2025-07-22,09:15,09:30,,SELF,Работа KNAV,Мощное творчество
Написать клиенту,2025-07-22,09:30,09:45,,SELF,Подработка и финансы,Финансовый рост
Настройка окружения. Подключение второго монитора,2025-07-22,09:45,10:00,,SELF,Обучение профессии QA-инженер,Мощное творчество
Настройка окружения. Подключение второго монитора,2025-07-22,10:00,10:15,,SELF,Обучение профессии QA-инженер,Мощное творчество
AI.Безопасность,2025-07-22,10:15,10:30,,SELF,Разработка WOLF,Мощное творчество
AI.Безопасность,2025-07-22,10:30,10:45,,SELF,Разработка WOLF,Мощное творчество
Настройка окружения. Подключение второго монитора,2025-07-22,10:45,11:00,,SELF,Обучение профессии QA-инженер,Мощное творчество
Настройка окружения. Подключение второго монитора,2025-07-22,11:00,11:15,,SELF,Обучение профессии QA-инженер,Мощное творчество
Настройка окружения. Подключение второго монитора,2025-07-22,11:15,11:30,,SELF,Обучение профессии QA-инженер,Мощное творчество
Настройка окружения. Подключение второго монитора,2025-07-22,11:30,11:45,,SELF,Обучение профессии QA-инженер,Мощное творчество
Настройка окружения. Подключение второго монитора,2025-07-22,11:45,12:00,,SELF,Обучение профессии QA-инженер,Мощное творчество
Настройка окружения. Подключение второго монитора,2025-07-22,12:00,12:15,,SELF,Обучение профессии QA-инженер,Мощное творчество
Настройка окружения. Подключение второго монитора,2025-07-22,12:15,12:30,,SELF,Обучение профессии QA-инженер,Мощное творчество
в дороге,2025-07-22,12:30,12:45,,SELF,Бытовые дела,Уход за собой
в дороге,2025-07-22,12:45,13:00,,SELF,Бытовые дела,Уход за собой
Хастл,2025-07-22,13:00,13:15,,SELF,Подработка и финансы,Мощное творчество
Хастл,2025-07-22,13:15,13:30,,SELF,Подработка и финансы,Мощное творчество
Хастл,2025-07-22,13:30,13:45,,SELF,Подработка и финансы,Мощное творчество
Хастл,2025-07-22,13:45,14:00,,SELF,Подработка и финансы,Мощное творчество
Хастл,2025-07-22,14:00,14:15,,SELF,Подработка и финансы,Мощное творчество
Хастл,2025-07-22,14:15,14:30,,SELF,Подработка и финансы,Мощное творчество
Хастл,2025-07-22,14:30,14:45,,SELF,Подработка и финансы,Мощное творчество
Хастл,2025-07-22,14:45,15:00,,SELF,Подработка и финансы,Мощное творчество
в дороге,2025-07-22,15:00,15:15,,SELF,Бытовые дела,Уход за собой
в дороге,2025-07-22,15:15,15:30,,SELF,Бытовые дела,Уход за собой
Отдых,2025-07-22,15:30,15:45,,SELF,Отдых и развлечения,Уход за собой
Отдых,2025-07-22,15:45,16:00,,SELF,Отдых и развлечения,Уход за собой
Отдых,2025-07-22,16:00,16:15,,SELF,Отдых и развлечения,Уход за собой
Отдых,2025-07-22,16:15,16:30,,SELF,Отдых и развлечения,Уход за собой
Отдых,2025-07-22,16:30,16:45,,SELF,Отдых и развлечения,Уход за собой
Отдых,2025-07-22,16:45,17:00,,SELF,Отдых и развлечения,Уход за собой
Сон,2025-07-22,17:00,17:15,,SELF,Сон и восстановление,Уход за собой
Сон,2025-07-22,17:15,17:30,,SELF,Сон и восстановление,Уход за собой
Сон,2025-07-22,17:30,17:45,,SELF,Сон и восстановление,Уход за собой
Сон,2025-07-22,17:45,18:00,,SELF,Сон и восстановление,Уход за собой
Сон,2025-07-23,00:00,00:15,,SELF,Сон и восстановление,Уход за собой
Сон,2025-07-23,00:15,00:30,,SELF,Сон и восстановление,Уход за собой
Сон,2025-07-23,00:30,00:45,,SELF,Сон и восстановление,Уход за собой
Сон,2025-07-23,00:45,01:00,,SELF,Сон и восстановление,Уход за собой
Сон,2025-07-23,01:00,01:15,,SELF,Сон и восстановление,Уход за собой
Сон,2025-07-23,01:15,01:30,,SELF,Сон и восстановление,Уход за собой
Сон,2025-07-23,01:30,01:45,,SELF,Сон и восстановление,Уход за собой
Сон,2025-07-23,01:45,02:00,,SELF,Сон и восстановление,Уход за собой
Подъём,2025-07-23,02:00,02:15,,SELF,Сон и восстановление,Уход за собой
Подъём,2025-07-23,02:15,02:30,,SELF,Сон и восстановление,Уход за собой
Завтрак,2025-07-23,02:30,02:45,,SELF,Питание,Уход за собой
Завтрак,2025-07-23,02:45,03:00,,SELF,Питание,Уход за собой
Утренняя раскачка,2025-07-23,03:00,03:15,,SELF,Здоровье и спорт,Крепкое здоровье
Утренняя раскачка,2025-07-23,03:15,03:30,,SELF,Здоровье и спорт,Крепкое здоровье
Планирование,2025-07-23,03:30,03:45,,SELF,Планирование и рефлексия,Мощное творчество
Работа над заказом KNAV,2025-07-23,03:45,04:00,,SELF,Работа KNAV,Мощное творчество
Планирование,2025-07-23,04:00,04:15,,SELF,Планирование и рефлексия,Мощное творчество
Планирование,2025-07-23,04:15,04:30,,SELF,Планирование и рефлексия,Мощное творчество
Работа над WOLF,2025-07-23,04:30,04:45,,SELF,Разработка WOLF,Мощное творчество
Работа над WOLF,2025-07-23,04:45,05:00,,SELF,Разработка WOLF,Мощное творчество
Работа над WOLF,2025-07-23,05:00,05:15,,SELF,Разработка WOLF,Мощное творчество
Работа над WOLF,2025-07-23,05:15,05:30,,SELF,Разработка WOLF,Мощное творчество
Работа над WOLF,2025-07-23,05:30,05:45,,SELF,Разработка WOLF,Мощное творчество
Работа над WOLF,2025-07-23,05:45,06:00,,SELF,Разработка WOLF,Мощное творчество
Работа над WOLF,2025-07-23,06:00,06:15,,SELF,Разработка WOLF,Мощное творчество
Работа над WOLF,2025-07-23,06:15,06:30,,SELF,Разработка WOLF,Мощное творчество
Работа над WOLF,2025-07-23,06:30,06:45,,SELF,Разработка WOLF,Мощное творчество
Обед,2025-07-23,06:45,07:00,,SELF,Питание,Уход за собой
Учебные проекты Java,2025-07-23,07:00,07:15,,SELF,Обучение профессии QA-инженер,Мощное творчество
Работа над WOLF,2025-07-23,07:15,07:30,,SELF,Разработка WOLF,Мощное творчество
Работа над WOLF,2025-07-23,07:30,07:45,,SELF,Разработка WOLF,Мощное творчество
Работа над WOLF,2025-07-23,07:45,08:00,,SELF,Разработка WOLF,Мощное творчество
Работа над WOLF,2025-07-23,08:00,08:15,,SELF,Разработка WOLF,Мощное творчество
Работа над WOLF,2025-07-23,08:15,08:30,,SELF,Разработка WOLF,Мощное творчество
Работа над WOLF,2025-07-23,08:30,08:45,,SELF,Разработка WOLF,Мощное творчество
Работа над WOLF,2025-07-23,08:45,09:00,,SELF,Разработка WOLF,Мощное творчество
Работа над WOLF,2025-07-23,09:00,09:15,,SELF,Разработка WOLF,Мощное творчество
Работа над WOLF,2025-07-23,09:15,09:30,,SELF,Разработка WOLF,Мощное творчество
Перекус,2025-07-23,09:30,09:45,,SELF,Бытовые дела,Уход за собой
Работа над WOLF,2025-07-23,09:45,10:00,,SELF,Разработка WOLF,Мощное творчество
Работа над WOLF,2025-07-23,10:00,10:15,,SELF,Разработка WOLF,Мощное творчество
Работа над WOLF,2025-07-23,10:15,10:30,,SELF,Разработка WOLF,Мощное творчество
в дороге,2025-07-23,10:30,10:45,,SELF,Бытовые дела,Уход за собой
в дороге,2025-07-23,10:45,11:00,,SELF,Бытовые дела,Уход за собой
Здоровая спина,2025-07-23,11:00,11:15,,SELF,Здоровье и спорт,Крепкое здоровье
Здоровая спина,2025-07-23,11:15,11:30,,SELF,Здоровье и спорт,Крепкое здоровье
Здоровая спина,2025-07-23,11:30,11:45,,SELF,Здоровье и спорт,Крепкое здоровье
Здоровая спина,2025-07-23,11:45,12:00,,SELF,Здоровье и спорт,Крепкое здоровье
в дороге,2025-07-23,12:00,12:15,,SELF,Бытовые дела,Уход за собой
в дороге,2025-07-23,12:15,12:30,,SELF,Бытовые дела,Уход за собой
в дороге,2025-07-23,12:30,12:45,,SELF,Бытовые дела,Уход за собой
в дороге,2025-07-23,12:45,13:00,,SELF,Бытовые дела,Уход за собой
Отдых,2025-07-23,13:00,13:15,,SELF,Отдых и развлечения,Уход за собой
Отдых,2025-07-23,13:15,13:30,,SELF,Отдых и развлечения,Уход за собой
Отдых,2025-07-23,13:30,13:45,,SELF,Отдых и развлечения,Уход за собой
Отдых,2025-07-23,13:45,14:00,,SELF,Отдых и развлечения,Уход за собой
Отдых,2025-07-23,14:00,14:15,,SELF,Отдых и развлечения,Уход за собой
Отдых,2025-07-23,14:15,14:30,,SELF,Отдых и развлечения,Уход за собой
Отдых,2025-07-23,14:30,14:45,,SELF,Отдых и развлечения,Уход за собой
Отдых,2025-07-23,14:45,15:00,,SELF,Отдых и развлечения,Уход за собой
Отдых,2025-07-23,15:00,15:15,,SELF,Отдых и развлечения,Уход за собой
Отдых,2025-07-23,15:15,15:30,,SELF,Отдых и развлечения,Уход за собой
Отдых,2025-07-23,15:30,15:45,,SELF,Отдых и развлечения,Уход за собой
Отдых,2025-07-23,15:45,16:00,,SELF,Отдых и развлечения,Уход за собой
Отдых,2025-07-23,16:00,16:15,,SELF,Отдых и развлечения,Уход за собой
Отдых,2025-07-23,16:15,16:30,,SELF,Отдых и развлечения,Уход за собой
Отдых,2025-07-23,16:30,16:45,,SELF,Отдых и развлечения,Уход за собой
Отдых,2025-07-23,16:45,17:00,,SELF,Отдых и развлечения,Уход за собой
Отдых,2025-07-23,17:00,17:15,,SELF,Отдых и развлечения,Уход за собой
Отдых,2025-07-23,17:15,17:30,,SELF,Отдых и развлечения,Уход за собой
Сон,2025-07-23,17:30,17:45,,SELF,Сон и восстановление,Уход за собой
Сон,2025-07-23,17:45,18:00,,SELF,Сон и восстановление,Уход за собой
Сон,2025-07-24,00:00,00:15,,SELF,Сон и восстановление,Уход за собой
Сон,2025-07-24,00:15,00:30,,SELF,Сон и восстановление,Уход за собой
Сон,2025-07-24,00:30,00:45,,SELF,Сон и восстановление,Уход за собой
Сон,2025-07-24,00:45,01:00,,SELF,Сон и восстановление,Уход за собой
Сон,2025-07-24,01:00,01:15,,SELF,Сон и восстановление,Уход за собой
Сон,2025-07-24,01:15,01:30,,SELF,Сон и восстановление,Уход за собой
Сон,2025-07-24,01:30,01:45,,SELF,Сон и восстановление,Уход за собой
Сон,2025-07-24,01:45,02:00,,SELF,Сон и восстановление,Уход за собой
Сон,2025-07-24,02:00,02:15,,SELF,Сон и восстановление,Уход за собой
Сон,2025-07-24,02:15,02:30,,SELF,Сон и восстановление,Уход за собой
Сон,2025-07-24,02:30,02:45,,SELF,Сон и восстановление,Уход за собой
Сон,2025-07-24,02:45,03:00,,SELF,Сон и восстановление,Уход за собой
Сон,2025-07-24,03:00,03:15,,SELF,Сон и восстановление,Уход за собой
Подъём,2025-07-24,03:15,03:30,,SELF,Сон и восстановление,Уход за собой
Утренняя раскачка,2025-07-24,03:30,03:45,,SELF,Здоровье и спорт,Крепкое здоровье
Утренняя раскачка,2025-07-24,03:45,04:00,,SELF,Здоровье и спорт,Крепкое здоровье
Утренняя раскачка,2025-07-24,04:00,04:15,,SELF,Здоровье и спорт,Крепкое здоровье
Завтрак,2025-07-24,04:15,04:30,,SELF,Питание,Уход за собой
Завтрак,2025-07-24,04:30,04:45,,SELF,Питание,Уход за собой
Утренняя раскачка,2025-07-24,04:45,05:00,,SELF,Здоровье и спорт,Крепкое здоровье
Планирование,2025-07-24,05:00,05:15,,SELF,Планирование и рефлексия,Мощное творчество
Планирование,2025-07-24,05:15,05:30,,SELF,Планирование и рефлексия,Мощное творчество
Отвлечение. Смотрю видео про программирование звука,2025-07-24,05:30,05:45,,SELF,Отдых и развлечения,Уход за собой
Отвлечение. Смотрю видео про программирование звука,2025-07-24,05:45,06:00,,SELF,Отдых и развлечения,Уход за собой
Отвлечение. Смотрю видео про программирование звука,2025-07-24,06:00,06:15,,SELF,Отдых и развлечения,Уход за собой
Отвлечение. Смотрю видео про программирование звука,2025-07-24,06:15,06:30,,SELF,Отдых и развлечения,Уход за собой
Отвлечение. Смотрю видео про программирование звука,2025-07-24,06:30,06:45,,SELF,Отдых и развлечения,Уход за собой
Отвлечение. Смотрю видео про программирование звука,2025-07-24,06:45,07:00,,SELF,Отдых и развлечения,Уход за собой
Неизвестно,2025-07-24,07:00,07:15,,SELF,Бытовые дела,Уход за собой
Неизвестно,2025-07-24,07:15,07:30,,SELF,Бытовые дела,Уход за собой
Планирование,2025-07-24,07:30,07:45,,SELF,Планирование и рефлексия,Мощное творчество
Неизвестно,2025-07-24,07:45,08:00,,SELF,Бытовые дела,Уход за собой
Неизвестно,2025-07-24,08:00,08:15,,SELF,Бытовые дела,Уход за собой
Неизвестно,2025-07-24,08:15,08:30,,SELF,Бытовые дела,Уход за собой
Неизвестно,2025-07-24,08:30,08:45,,SELF,Бытовые дела,Уход за собой
Неизвестно,2025-07-24,08:45,09:00,,SELF,Бытовые дела,Уход за собой
Дневной сон,2025-07-24,09:00,09:15,,SELF,Сон и восстановление,Уход за собой
Дневной сон,2025-07-24,09:15,09:30,,SELF,Сон и восстановление,Уход за собой
Дневной сон,2025-07-24,09:30,09:45,,SELF,Сон и восстановление,Уход за собой
Дневной сон,2025-07-24,09:45,10:00,,SELF,Сон и восстановление,Уход за собой
Учебные проекты Java,2025-07-24,10:00,10:15,,SELF,Обучение профессии QA-инженер,Мощное творчество
Учебные проекты Java,2025-07-24,10:15,10:30,,SELF,Обучение профессии QA-инженер,Мощное творчество
Учебные проекты Java,2025-07-24,10:30,10:45,,SELF,Обучение профессии QA-инженер,Мощное творчество
Неизвестно,2025-07-24,10:45,11:00,,SELF,Бытовые дела,Уход за собой
Неизвестно,2025-07-24,11:00,11:15,,SELF,Бытовые дела,Уход за собой
Неизвестно,2025-07-24,11:15,11:30,,SELF,Бытовые дела,Уход за собой
Неизвестно,2025-07-24,11:30,11:45,,SELF,Бытовые дела,Уход за собой
Неизвестно,2025-07-24,11:45,12:00,,SELF,Бытовые дела,Уход за собой
Неизвестно,2025-07-24,12:00,12:15,,SELF,Бытовые дела,Уход за собой
Неизвестно,2025-07-24,12:15,12:30,,SELF,Бытовые дела,Уход за собой
Неизвестно,2025-07-24,12:30,12:45,,SELF,Бытовые дела,Уход за собой
Неизвестно,2025-07-24,12:45,13:00,,SELF,Бытовые дела,Уход за собой
Работа над заказом KNAV,2025-07-24,13:00,13:15,,SELF,Работа KNAV,Мощное творчество
Работа над заказом KNAV,2025-07-24,13:15,13:30,,SELF,Работа KNAV,Мощное творчество
Отдых,2025-07-24,13:30,13:45,,SELF,Отдых и развлечения,Уход за собой
Отдых,2025-07-24,13:45,14:00,,SELF,Отдых и развлечения,Уход за собой
Отдых,2025-07-24,14:00,14:15,,SELF,Отдых и развлечения,Уход за собой
Отдых,2025-07-24,14:15,14:30,,SELF,Отдых и развлечения,Уход за собой
Отдых,2025-07-24,14:30,14:45,,SELF,Отдых и развлечения,Уход за собой
Отдых,2025-07-24,14:45,15:00,,SELF,Отдых и развлечения,Уход за собой
Отдых,2025-07-24,15:00,15:15,,SELF,Отдых и развлечения,Уход за собой
Отдых,2025-07-24,15:15,15:30,,SELF,Отдых и развлечения,Уход за собой
Отдых,2025-07-24,15:30,15:45,,SELF,Отдых и развлечения,Уход за собой
Отдых,2025-07-24,15:45,16:00,,SELF,Отдых и развлечения,Уход за собой
Отдых,2025-07-24,16:00,16:15,,SELF,Отдых и развлечения,Уход за собой
Отдых,2025-07-24,16:15,16:30,,SELF,Отдых и развлечения,Уход за собой
Отдых,2025-07-24,16:30,16:45,,SELF,Отдых и развлечения,Уход за собой
Отдых,2025-07-24,16:45,17:00,,SELF,Отдых и развлечения,Уход за собой
Отдых,2025-07-24,17:00,17:15,,SELF,Отдых и развлечения,Уход за собой
Отдых,2025-07-24,17:15,17:30,,SELF,Отдых и развлечения,Уход за собой
Сон,2025-07-24,17:30,17:45,,SELF,Сон и восстановление,Уход за собой
Сон,2025-07-24,17:45,18:00,,SELF,Сон и восстановление,Уход за собой
Сон,2025-07-25,00:00,00:15,,SELF,Сон и восстановление,Уход за собой
Сон,2025-07-25,00:15,00:30,,SELF,Сон и восстановление,Уход за собой
Сон,2025-07-25,00:30,00:45,,SELF,Сон и восстановление,Уход за собой
Сон,2025-07-25,00:45,01:00,,SELF,Сон и восстановление,Уход за собой
Сон,2025-07-25,01:00,01:15,,SELF,Сон и восстановление,Уход за собой
Сон,2025-07-25,01:15,01:30,,SELF,Сон и восстановление,Уход за собой
Сон,2025-07-25,01:30,01:45,,SELF,Сон и восстановление,Уход за собой
Сон,2025-07-25,01:45,02:00,,SELF,Сон и восстановление,Уход за собой
Сон,2025-07-25,02:00,02:15,,SELF,Сон и восстановление,Уход за собой
Сон,2025-07-25,02:15,02:30,,SELF,Сон и восстановление,Уход за собой
Сон,2025-07-25,02:30,02:45,,SELF,Сон и восстановление,Уход за собой
Сон,2025-07-25,02:45,03:00,,SELF,Сон и восстановление,Уход за собой
Сон,2025-07-25,03:00,03:15,,SELF,Сон и восстановление,Уход за собой
Сон,2025-07-25,03:15,03:30,,SELF,Сон и восстановление,Уход за собой
Подъём,2025-07-25,03:30,03:45,,SELF,Сон и восстановление,Уход за собой
Утренняя раскачка,2025-07-25,03:45,04:00,,SELF,Здоровье и спорт,Крепкое здоровье
Утренняя раскачка,2025-07-25,04:00,04:15,,SELF,Здоровье и спорт,Крепкое здоровье
Завтрак,2025-07-25,04:15,04:30,,SELF,Питание,Уход за собой
Завтрак,2025-07-25,04:30,04:45,,SELF,Питание,Уход за собой
Неизвестно,2025-07-25,04:45,05:00,,SELF,Бытовые дела,Уход за собой
Неизвестно,2025-07-25,05:00,05:15,,SELF,Бытовые дела,Уход за собой
Неизвестно,2025-07-25,05:15,05:30,,SELF,Бытовые дела,Уход за собой
Неизвестно,2025-07-25,05:30,05:45,,SELF,Бытовые дела,Уход за собой
Неизвестно,2025-07-25,05:45,06:00,,SELF,Бытовые дела,Уход за собой
Неизвестно,2025-07-25,06:00,06:15,,SELF,Бытовые дела,Уход за собой
Неизвестно,2025-07-25,06:15,06:30,,SELF,Бытовые дела,Уход за собой
Неизвестно,2025-07-25,06:30,06:45,,SELF,Бытовые дела,Уход за собой
Неизвестно,2025-07-25,06:45,07:00,,SELF,Бытовые дела,Уход за собой
Неизвестно,2025-07-25,07:00,07:15,,SELF,Бытовые дела,Уход за собой
Неизвестно,2025-07-25,07:15,07:30,,SELF,Бытовые дела,Уход за собой
в дороге,2025-07-25,07:30,07:45,,SELF,Бытовые дела,Уход за собой
в дороге,2025-07-25,07:45,08:00,,SELF,Бытовые дела,Уход за собой
в дороге,2025-07-25,08:00,08:15,,SELF,Бытовые дела,Уход за собой
в дороге,2025-07-25,08:15,08:30,,SELF,Бытовые дела,Уход за собой
Стоматолог,2025-07-25,08:30,08:45,,SELF,Здоровье и спорт,Крепкое здоровье
Стоматолог,2025-07-25,08:45,09:00,,SELF,Здоровье и спорт,Крепкое здоровье
Стоматолог,2025-07-25,09:00,09:15,,SELF,Здоровье и спорт,Крепкое здоровье
Стоматолог,2025-07-25,09:15,09:30,,SELF,Здоровье и спорт,Крепкое здоровье
Стоматолог,2025-07-25,09:30,09:45,,SELF,Здоровье и спорт,Крепкое здоровье
Стоматолог,2025-07-25,09:45,10:00,,SELF,Здоровье и спорт,Крепкое здоровье
в дороге,2025-07-25,10:00,10:15,,SELF,Бытовые дела,Уход за собой
в дороге,2025-07-25,10:15,10:30,,SELF,Бытовые дела,Уход за собой
в дороге,2025-07-25,10:30,10:45,,SELF,Бытовые дела,Уход за собой
в дороге,2025-07-25,10:45,11:00,,SELF,Бытовые дела,Уход за собой
Отдых,2025-07-25,11:00,11:15,,SELF,Отдых и развлечения,Уход за собой
Отдых,2025-07-25,11:15,11:30,,SELF,Отдых и развлечения,Уход за собой
Отдых,2025-07-25,11:30,11:45,,SELF,Отдых и развлечения,Уход за собой
Отдых,2025-07-25,11:45,12:00,,SELF,Отдых и развлечения,Уход за собой
Отдых,2025-07-25,12:00,12:15,,SELF,Отдых и развлечения,Уход за собой
Отдых,2025-07-25,12:15,12:30,,SELF,Отдых и развлечения,Уход за собой
Отдых,2025-07-25,12:30,12:45,,SELF,Отдых и развлечения,Уход за собой
Отдых,2025-07-25,12:45,13:00,,SELF,Отдых и развлечения,Уход за собой
Отдых,2025-07-25,13:00,13:15,,SELF,Отдых и развлечения,Уход за собой
Отдых,2025-07-25,13:15,13:30,,SELF,Отдых и развлечения,Уход за собой
Отдых,2025-07-25,13:30,13:45,,SELF,Отдых и развлечения,Уход за собой
Отдых,2025-07-25,13:45,14:00,,SELF,Отдых и развлечения,Уход за собой
Отдых,2025-07-25,14:00,14:15,,SELF,Отдых и развлечения,Уход за собой
Отдых,2025-07-25,14:15,14:30,,SELF,Отдых и развлечения,Уход за собой
Отдых,2025-07-25,14:30,14:45,,SELF,Отдых и развлечения,Уход за собой
Отдых,2025-07-25,14:45,15:00,,SELF,Отдых и развлечения,Уход за собой
Отдых,2025-07-25,15:00,15:15,,SELF,Отдых и развлечения,Уход за собой
Отдых,2025-07-25,15:15,15:30,,SELF,Отдых и развлечения,Уход за собой
Отдых,2025-07-25,15:30,15:45,,SELF,Отдых и развлечения,Уход за собой
Отдых,2025-07-25,15:45,16:00,,SELF,Отдых и развлечения,Уход за собой
Отдых,2025-07-25,16:00,16:15,,SELF,Отдых и развлечения,Уход за собой
Отдых,2025-07-25,16:15,16:30,,SELF,Отдых и развлечения,Уход за собой
Отдых,2025-07-25,16:30,16:45,,SELF,Отдых и развлечения,Уход за собой
Отдых,2025-07-25,16:45,17:00,,SELF,Отдых и развлечения,Уход за собой
Отдых,2025-07-25,17:00,17:15,,SELF,Отдых и развлечения,Уход за собой
Отдых,2025-07-25,17:15,17:30,,SELF,Отдых и развлечения,Уход за собой
Сон,2025-07-25,17:30,17:45,,SELF,Сон и восстановление,Уход за собой
Сон,2025-07-25,17:45,18:00,,SELF,Сон и восстановление,Уход за собой
Сон,2025-07-26,00:00,00:15,,SELF,Сон и восстановление,Уход за собой
Сон,2025-07-26,00:15,00:30,,SELF,Сон и восстановление,Уход за собой
Сон,2025-07-26,00:30,00:45,,SELF,Сон и восстановление,Уход за собой
Сон,2025-07-26,00:45,01:00,,SELF,Сон и восстановление,Уход за собой
Сон,2025-07-26,01:00,01:15,,SELF,Сон и восстановление,Уход за собой
Сон,2025-07-26,01:15,01:30,,SELF,Сон и восстановление,Уход за собой
Сон,2025-07-26,01:30,01:45,,SELF,Сон и восстановление,Уход за собой
Сон,2025-07-26,01:45,02:00,,SELF,Сон и восстановление,Уход за собой
Подъём,2025-07-26,02:00,02:15,,SELF,Сон и восстановление,Уход за собой
Подъём,2025-07-26,02:15,02:30,,SELF,Сон и восстановление,Уход за собой
Неизвестно,2025-07-26,02:30,02:45,,SELF,Бытовые дела,Уход за собой
Неизвестно,2025-07-26,02:45,03:00,,SELF,Бытовые дела,Уход за собой
Неизвестно,2025-07-26,03:00,03:15,,SELF,Бытовые дела,Уход за собой
Неизвестно,2025-07-26,03:15,03:30,,SELF,Бытовые дела,Уход за собой
Неизвестно,2025-07-26,03:30,03:45,,SELF,Бытовые дела,Уход за собой
Неизвестно,2025-07-26,03:45,04:00,,SELF,Бытовые дела,Уход за собой
Неизвестно,2025-07-26,04:00,04:15,,SELF,Бытовые дела,Уход за собой
Неизвестно,2025-07-26,04:15,04:30,,SELF,Бытовые дела,Уход за собой
Неизвестно,2025-07-26,04:30,04:45,,SELF,Бытовые дела,Уход за собой
Неизвестно,2025-07-26,04:45,05:00,,SELF,Бытовые дела,Уход за собой
Неизвестно,2025-07-26,05:00,05:15,,SELF,Бытовые дела,Уход за собой
Неизвестно,2025-07-26,05:15,05:30,,SELF,Бытовые дела,Уход за собой
Неизвестно,2025-07-26,05:30,05:45,,SELF,Бытовые дела,Уход за собой
Неизвестно,2025-07-26,05:45,06:00,,SELF,Бытовые дела,Уход за собой
Хастл,2025-07-26,06:00,06:15,,SELF,Подработка и финансы,Мощное творчество
Хастл,2025-07-26,06:15,06:30,,SELF,Подработка и финансы,Мощное творчество
Хастл,2025-07-26,06:30,06:45,,SELF,Подработка и финансы,Мощное творчество
Хастл,2025-07-26,06:45,07:00,,SELF,Подработка и финансы,Мощное творчество
Хастл,2025-07-26,07:00,07:15,,SELF,Подработка и финансы,Мощное творчество
Хастл,2025-07-26,07:15,07:30,,SELF,Подработка и финансы,Мощное творчество
Хастл,2025-07-26,07:30,07:45,,SELF,Подработка и финансы,Мощное творчество
Хастл,2025-07-26,07:45,08:00,,SELF,Подработка и финансы,Мощное творчество
Отдых,2025-07-26,08:00,08:15,,SELF,Отдых и развлечения,Уход за собой
Отдых,2025-07-26,08:15,08:30,,SELF,Отдых и развлечения,Уход за собой
Отдых,2025-07-26,08:30,08:45,,SELF,Отдых и развлечения,Уход за собой
Отдых,2025-07-26,08:45,09:00,,SELF,Отдых и развлечения,Уход за собой
Отдых,2025-07-26,09:00,09:15,,SELF,Отдых и развлечения,Уход за собой
Отдых,2025-07-26,09:15,09:30,,SELF,Отдых и развлечения,Уход за собой
Отдых,2025-07-26,09:30,09:45,,SELF,Отдых и развлечения,Уход за собой
Отдых,2025-07-26,09:45,10:00,,SELF,Отдых и развлечения,Уход за собой
Отдых,2025-07-26,10:00,10:15,,SELF,Отдых и развлечения,Уход за собой
Отдых,2025-07-26,10:15,10:30,,SELF,Отдых и развлечения,Уход за собой
Отдых,2025-07-26,10:30,10:45,,SELF,Отдых и развлечения,Уход за собой
Отдых,2025-07-26,10:45,11:00,,SELF,Отдых и развлечения,Уход за собой
Отдых,2025-07-26,11:00,11:15,,SELF,Отдых и развлечения,Уход за собой
Отдых,2025-07-26,11:15,11:30,,SELF,Отдых и развлечения,Уход за собой
Отдых,2025-07-26,11:30,11:45,,SELF,Отдых и развлечения,Уход за собой
Отдых,2025-07-26,11:45,12:00,,SELF,Отдых и развлечения,Уход за собой
Отдых,2025-07-26,12:00,12:15,,SELF,Отдых и развлечения,Уход за собой
Отдых,2025-07-26,12:15,12:30,,SELF,Отдых и развлечения,Уход за собой
Отдых,2025-07-26,12:30,12:45,,SELF,Отдых и развлечения,Уход за собой
Отдых,2025-07-26,12:45,13:00,,SELF,Отдых и развлечения,Уход за собой
Отдых,2025-07-26,13:00,13:15,,SELF,Отдых и развлечения,Уход за собой
Отдых,2025-07-26,13:15,13:30,,SELF,Отдых и развлечения,Уход за собой
Отдых,2025-07-26,13:30,13:45,,SELF,Отдых и развлечения,Уход за собой
Отдых,2025-07-26,13:45,14:00,,SELF,Отдых и развлечения,Уход за собой
Отдых,2025-07-26,14:00,14:15,,SELF,Отдых и развлечения,Уход за собой
Отдых,2025-07-26,14:15,14:30,,SELF,Отдых и развлечения,Уход за собой
Отдых,2025-07-26,14:30,14:45,,SELF,Отдых и развлечения,Уход за собой
Отдых,2025-07-26,14:45,15:00,,SELF,Отдых и развлечения,Уход за собой
Отдых,2025-07-26,15:00,15:15,,SELF,Отдых и развлечения,Уход за собой
Отдых,2025-07-26,15:15,15:30,,SELF,Отдых и развлечения,Уход за собой
Отдых,2025-07-26,15:30,15:45,,SELF,Отдых и развлечения,Уход за собой
Отдых,2025-07-26,15:45,16:00,,SELF,Отдых и развлечения,Уход за собой
Отдых,2025-07-26,16:00,16:15,,SELF,Отдых и развлечения,Уход за собой
Отдых,2025-07-26,16:15,16:30,,SELF,Отдых и развлечения,Уход за собой
Отдых,2025-07-26,16:30,16:45,,SELF,Отдых и развлечения,Уход за собой
Отдых,2025-07-26,16:45,17:00,,SELF,Отдых и развлечения,Уход за собой
Отдых,2025-07-26,17:00,17:15,,SELF,Отдых и развлечения,Уход за собой
Отдых,2025-07-26,17:15,17:30,,SELF,Отдых и развлечения,Уход за собой
Сон,2025-07-26,17:30,17:45,,SELF,Сон и восстановление,Уход за собой
Сон,2025-07-26,17:45,18:00,,SELF,Сон и восстановление,Уход за собой
KNAV,2025-08-03,00:00,00:15,,SELF,Работа KNAV,Мощное творчество
Цели и метрики,2025-08-03,01:45,02:00,,SELF,Планирование и рефлексия,Мощное творчество
Подготовка Теории Java,2025-08-03,02:00,02:15,,SELF,Обучение профессии QA-инженер,Мощное творчество
AI.WOLF,2025-08-03,02:15,02:30,,SELF,Разработка WOLF,Мощное творчество
Крестики-нолики Java,2025-08-03,02:30,02:45,,SELF,Обучение профессии QA-инженер,Мощное творчество
Чтение,2025-08-03,03:15,03:30,,SELF,Отдых и развлечения,Мощное творчество
Написание текстов,2025-08-03,03:30,03:45,,SELF,Общее,Мощное творчество
Музыкальные занятия,2025-08-03,03:45,04:00,,SELF,Обучение профессии музыкант,Мощное творчество
Сон,2025-08-04,01:00,01:15,,SELF,Сон и восстановление,Уход за собой
-/-,2025-08-04,01:15,01:30,,SELF,Сон и восстановление,Уход за собой
-/-,2025-08-04,01:30,01:45,,SELF,Сон и восстановление,Уход за собой
Подъём,2025-08-04,01:45,02:00,,SELF,Сон и восстановление,Уход за собой
-/-,2025-08-04,02:00,02:15,,SELF,Сон и восстановление,Уход за собой
-/-,2025-08-04,02:15,02:30,,SELF,Сон и восстановление,Уход за собой
-/-,2025-08-04,02:30,02:45,,SELF,Сон и восстановление,Уход за собой
-/-,2025-08-04,02:45,03:00,,SELF,Сон и восстановление,Уход за собой
Завтрак,2025-08-04,03:00,03:15,,SELF,Питание,Уход за собой
-/-,2025-08-04,03:15,03:30,,SELF,Сон и восстановление,Уход за собой
-/-,2025-08-04,03:30,03:45,,SELF,Сон и восстановление,Уход за собой
Сон,2025-08-05,01:00,01:15,,SELF,Сон и восстановление,Уход за собой
-/-,2025-08-05,01:15,01:30,,SELF,Сон и восстановление,Уход за собой
-/-,2025-08-05,01:30,01:45,,SELF,Сон и восстановление,Уход за собой
Подъём,2025-08-05,01:45,02:00,,SELF,Сон и восстановление,Уход за собой
-/-,2025-08-05,02:00,02:15,,SELF,Сон и восстановление,Уход за собой
-/-,2025-08-05,02:15,02:30,,SELF,Сон и восстановление,Уход за собой
-/-,2025-08-05,02:30,02:45,,SELF,Сон и восстановление,Уход за собой
-/-,2025-08-05,02:45,03:00,,SELF,Сон и восстановление,Уход за собой
Завтрак,2025-08-05,03:00,03:15,,SELF,Питание,Уход за собой
-/-,2025-08-05,03:15,03:30,,SELF,Сон и восстановление,Уход за собой
-/-,2025-08-05,03:30,03:45,,SELF,Сон и восстановление,Уход за собой
в дороге,2025-08-05,06:30,06:45,,SELF,Бытовые дела,Уход за собой
-/-,2025-08-05,06:45,07:00,,SELF,Сон и восстановление,Уход за собой
-/-,2025-08-05,07:00,07:15,,SELF,Сон и восстановление,Уход за собой
-/-,2025-08-05,07:15,07:30,,SELF,Сон и восстановление,Уход за собой
прием,2025-08-05,07:30,07:45,,SELF,Бытовые дела,Уход за собой
-/-,2025-08-05,07:45,08:00,,SELF,Сон и восстановление,Уход за собой
-/-,2025-08-05,08:00,08:15,,SELF,Сон и восстановление,Уход за собой
-/-,2025-08-05,08:15,08:30,,SELF,Сон и восстановление,Уход за собой
-/-,2025-08-05,08:30,08:45,,SELF,Сон и восстановление,Уход за собой
-/-,2025-08-05,08:45,09:00,,SELF,Сон и восстановление,Уход за собой
-/-,2025-08-05,09:00,09:15,,SELF,Сон и восстановление,Уход за собой
в дороге,2025-08-05,09:15,09:30,,SELF,Бытовые дела,Уход за собой
-/-,2025-08-05,09:30,09:45,,SELF,Сон и восстановление,Уход за собой
-/-,2025-08-05,09:45,10:00,,SELF,Сон и восстановление,Уход за собой
-/-,2025-08-05,10:00,10:15,,SELF,Сон и восстановление,Уход за собой
Подготовка Теории Java,2025-08-05,12:30,12:45,,SELF,Обучение профессии QA-инженер,Мощное творчество
-/-,2025-08-05,12:45,13:00,,SELF,Сон и восстановление,Уход за собой
-/-,2025-08-05,13:00,13:15,,SELF,Сон и восстановление,Уход за собой
Сон,2025-08-06,01:00,01:15,,SELF,Сон и восстановление,Уход за собой
-/-,2025-08-06,01:15,01:30,,SELF,Сон и восстановление,Уход за собой
-/-,2025-08-06,01:30,01:45,,SELF,Сон и восстановление,Уход за собой
Подъём,2025-08-06,01:45,02:00,,SELF,Сон и восстановление,Уход за собой
-/-,2025-08-06,02:00,02:15,,SELF,Сон и восстановление,Уход за собой
-/-,2025-08-06,02:15,02:30,,SELF,Сон и восстановление,Уход за собой
-/-,2025-08-06,02:30,02:45,,SELF,Сон и восстановление,Уход за собой
-/-,2025-08-06,02:45,03:00,,SELF,Сон и восстановление,Уход за собой
Завтрак,2025-08-06,03:00,03:15,,SELF,Питание,Уход за собой
-/-,2025-08-06,03:15,03:30,,SELF,Сон и восстановление,Уход за собой
-/-,2025-08-06,03:30,03:45,,SELF,Сон и восстановление,Уход за собой
в дороге,2025-08-06,08:00,08:15,,SELF,Бытовые дела,Уход за собой
-/-,2025-08-06,08:15,08:30,,SELF,Сон и восстановление,Уход за собой
-/-,2025-08-06,08:30,08:45,,SELF,Сон и восстановление,Уход за собой
-/-,2025-08-06,08:45,09:00,,SELF,Сон и восстановление,Уход за собой
Занятия Экстрим-вокал,2025-08-06,09:00,09:15,,SELF,Обучение профессии музыкант,Мощное творчество
-/-,2025-08-06,09:15,09:30,,SELF,Сон и восстановление,Уход за собой
-/-,2025-08-06,09:30,09:45,,SELF,Сон и восстановление,Уход за собой
-/-,2025-08-06,09:45,10:00,,SELF,Сон и восстановление,Уход за собой
в дороге,2025-08-06,10:00,10:15,,SELF,Бытовые дела,Уход за собой
-/-,2025-08-06,10:15,10:30,,SELF,Сон и восстановление,Уход за собой
-/-,2025-08-06,10:30,10:45,,SELF,Сон и восстановление,Уход за собой
-/-,2025-08-06,10:45,11:00,,SELF,Сон и восстановление,Уход за собой
Сон,2025-08-07,01:00,01:15,,SELF,Сон и восстановление,Уход за собой
-/-,2025-08-07,01:15,01:30,,SELF,Сон и восстановление,Уход за собой
-/-,2025-08-07,01:30,01:45,,SELF,Сон и восстановление,Уход за собой
Подъём,2025-08-07,01:45,02:00,,SELF,Сон и восстановление,Уход за собой
-/-,2025-08-07,02:00,02:15,,SELF,Сон и восстановление,Уход за собой
-/-,2025-08-07,02:15,02:30,,SELF,Сон и восстановление,Уход за собой
-/-,2025-08-07,02:30,02:45,,SELF,Сон и восстановление,Уход за собой
-/-,2025-08-07,02:45,03:00,,SELF,Сон и восстановление,Уход за собой
Завтрак,2025-08-07,03:00,03:15,,SELF,Питание,Уход за собой
-/-,2025-08-07,03:15,03:30,,SELF,Сон и восстановление,Уход за собой
-/-,2025-08-07,03:30,03:45,,SELF,Сон и восстановление,Уход за собой
Сон,2025-08-08,01:00,01:15,,SELF,Сон и восстановление,Уход за собой
-/-,2025-08-08,01:15,01:30,,SELF,Сон и восстановление,Уход за собой
-/-,2025-08-08,01:30,01:45,,SELF,Сон и восстановление,Уход за собой
Подъём,2025-08-08,01:45,02:00,,SELF,Сон и восстановление,Уход за собой
-/-,2025-08-08,02:00,02:15,,SELF,Сон и восстановление,Уход за собой
-/-,2025-08-08,02:15,02:30,,SELF,Сон и восстановление,Уход за собой
-/-,2025-08-08,02:30,02:45,,SELF,Сон и восстановление,Уход за собой
в дороге,2025-08-08,02:45,03:00,,SELF,Бытовые дела,Уход за собой
-/-,2025-08-08,03:00,03:15,,SELF,Сон и восстановление,Уход за собой
Спортзал,2025-08-08,03:15,03:30,,SELF,Здоровье и спорт,Крепкое здоровье
-/-,2025-08-08,03:30,03:45,,SELF,Сон и восстановление,Уход за собой
-/-,2025-08-08,03:45,04:00,,SELF,Сон и восстановление,Уход за собой
-/-,2025-08-08,04:00,04:15,,SELF,Сон и восстановление,Уход за собой
-/-,2025-08-08,04:15,04:30,,SELF,Сон и восстановление,Уход за собой
в дороге,2025-08-08,04:30,04:45,,SELF,Бытовые дела,Уход за собой
-/-,2025-08-08,04:45,05:00,,SELF,Сон и восстановление,Уход за собой
Отдых,2025-08-08,05:00,05:15,,SELF,Отдых и развлечения,Уход за собой
-/-,2025-08-08,05:15,05:30,,SELF,Сон и восстановление,Уход за собой
-/-,2025-08-08,05:30,05:45,,SELF,Сон и восстановление,Уход за собой
-/-,2025-08-08,05:45,06:00,,SELF,Сон и восстановление,Уход за собой
-/-,2025-08-08,06:00,06:15,,SELF,Сон и восстановление,Уход за собой
-/-,2025-08-08,06:15,06:30,,SELF,Сон и восстановление,Уход за собой
-/-,2025-08-08,06:30,06:45,,SELF,Сон и восстановление,Уход за собой
-/-,2025-08-08,06:45,07:00,,SELF,Сон и восстановление,Уход за собой
Сон,2025-08-11,01:00,01:15,,SELF,Сон и восстановление,Уход за собой
-/-,2025-08-11,01:15,01:30,,SELF,Сон и восстановление,Уход за собой
-/-,2025-08-11,01:30,01:45,,SELF,Сон и восстановление,Уход за собой
Подъём,2025-08-11,01:45,02:00,,SELF,Сон и восстановление,Уход за собой
-/-,2025-08-11,02:00,02:15,,SELF,Сон и восстановление,Уход за собой
-/-,2025-08-11,02:15,02:30,,SELF,Сон и восстановление,Уход за собой
-/-,2025-08-11,02:30,02:45,,SELF,Сон и восстановление,Уход за собой
-/-,2025-08-11,02:45,03:00,,SELF,Сон и восстановление,Уход за собой
Завтрак,2025-08-11,03:00,03:15,,SELF,Питание,Уход за собой
-/-,2025-08-11,03:15,03:30,,SELF,Сон и восстановление,Уход за собой
-/-,2025-08-11,03:30,03:45,,SELF,Сон и восстановление,Уход за собой
Музыкальные занятия,2025-08-11,05:00,05:15,,SELF,Обучение профессии музыкант,Мощное творчество
Музыкальные занятия,2025-08-11,05:15,05:30,,SELF,Обучение профессии музыкант,Мощное творчество
Музыкальные занятия,2025-08-11,05:30,05:45,,SELF,Обучение профессии музыкант,Мощное творчество
Музыкальные занятия,2025-08-11,05:45,06:00,,SELF,Обучение профессии музыкант,Мощное творчество
Помогаю брату строить дом,2025-08-11,08:00,08:15,,SELF,Бытовые дела,Уход за собой
Помогаю брату строить дом,2025-08-11,08:15,08:30,,SELF,Бытовые дела,Уход за собой
Помогаю брату строить дом,2025-08-11,08:30,08:45,,SELF,Бытовые дела,Уход за собой
Помогаю брату строить дом,2025-08-11,08:45,09:00,,SELF,Бытовые дела,Уход за собой
Помогаю брату строить дом,2025-08-11,09:00,09:15,,SELF,Бытовые дела,Уход за собой
Помогаю брату строить дом,2025-08-11,09:15,09:30,,SELF,Бытовые дела,Уход за собой
Помогаю брату строить дом,2025-08-11,09:30,09:45,,SELF,Бытовые дела,Уход за собой
Помогаю брату строить дом,2025-08-11,09:45,10:00,,SELF,Бытовые дела,Уход за собой
Помогаю брату строить дом,2025-08-11,10:00,10:15,,SELF,Бытовые дела,Уход за собой
Помогаю брату строить дом,2025-08-11,10:15,10:30,,SELF,Бытовые дела,Уход за собой
Помогаю брату строить дом,2025-08-11,10:30,10:45,,SELF,Бытовые дела,Уход за собой
Помогаю брату строить дом,2025-08-11,10:45,11:00,,SELF,Бытовые дела,Уход за собой
Помогаю брату строить дом,2025-08-11,11:00,11:15,,SELF,Бытовые дела,Уход за собой
Помогаю брату строить дом,2025-08-11,11:15,11:30,,SELF,Бытовые дела,Уход за собой
Помогаю брату строить дом,2025-08-11,11:30,11:45,,SELF,Бытовые дела,Уход за собой
Помогаю брату строить дом,2025-08-11,11:45,12:00,,SELF,Бытовые дела,Уход за собой
Помогаю брату строить дом,2025-08-11,12:00,12:15,,SELF,Бытовые дела,Уход за собой
Помогаю брату строить дом,2025-08-11,12:15,12:30,,SELF,Бытовые дела,Уход за собой
Помогаю брату строить дом,2025-08-11,12:30,12:45,,SELF,Бытовые дела,Уход за собой
Помогаю брату строить дом,2025-08-11,12:45,13:00,,SELF,Бытовые дела,Уход за собой
Помогаю брату строить дом,2025-08-11,13:00,13:15,,SELF,Бытовые дела,Уход за собой
Помогаю брату строить дом,2025-08-11,13:15,13:30,,SELF,Бытовые дела,Уход за собой
Помогаю брату строить дом,2025-08-11,13:30,13:45,,SELF,Бытовые дела,Уход за собой
Помогаю брату строить дом,2025-08-11,13:45,14:00,,SELF,Бытовые дела,Уход за собой
Помогаю брату строить дом,2025-08-11,14:00,14:15,,SELF,Бытовые дела,Уход за собой
Помогаю брату строить дом,2025-08-11,14:15,14:30,,SELF,Бытовые дела,Уход за собой
Помогаю брату строить дом,2025-08-11,14:30,14:45,,SELF,Бытовые дела,Уход за собой
Помогаю брату строить дом,2025-08-11,14:45,15:00,,SELF,Бытовые дела,Уход за собой
Помогаю брату строить дом,2025-08-11,15:00,15:15,,SELF,Бытовые дела,Уход за собой
Помогаю брату строить дом,2025-08-11,15:15,15:30,,SELF,Бытовые дела,Уход за собой
Помогаю брату строить дом,2025-08-11,15:30,15:45,,SELF,Бытовые дела,Уход за собой
Помогаю брату строить дом,2025-08-11,15:45,16:00,,SELF,Бытовые дела,Уход за собой
Помогаю брату строить дом,2025-08-11,16:00,16:15,,SELF,Бытовые дела,Уход за собой
Помогаю брату строить дом,2025-08-11,16:15,16:30,,SELF,Бытовые дела,Уход за собой
Помогаю брату строить дом,2025-08-11,16:30,16:45,,SELF,Бытовые дела,Уход за собой
Помогаю брату строить дом,2025-08-11,16:45,17:00,,SELF,Бытовые дела,Уход за собой
Помогаю брату строить дом,2025-08-11,17:00,17:15,,SELF,Бытовые дела,Уход за собой
Сон,2025-08-12,01:00,01:15,,SELF,Сон и восстановление,Уход за собой
-/-,2025-08-12,01:15,01:30,,SELF,Сон и восстановление,Уход за собой
-/-,2025-08-12,01:30,01:45,,SELF,Сон и восстановление,Уход за собой
Подъём,2025-08-12,01:45,02:00,,SELF,Сон и восстановление,Уход за собой
-/-,2025-08-12,02:00,02:15,,SELF,Сон и восстановление,Уход за собой
-/-,2025-08-12,02:15,02:30,,SELF,Сон и восстановление,Уход за собой
-/-,2025-08-12,02:30,02:45,,SELF,Сон и восстановление,Уход за собой
-/-,2025-08-12,02:45,03:00,,SELF,Сон и восстановление,Уход за собой
Помогаю брату строить дом,2025-08-12,03:00,03:15,,SELF,Бытовые дела,Уход за собой
Помогаю брату строить дом,2025-08-12,03:15,03:30,,SELF,Бытовые дела,Уход за собой
Помогаю брату строить дом,2025-08-12,03:30,03:45,,SELF,Бытовые дела,Уход за собой
Помогаю брату строить дом,2025-08-12,03:45,04:00,,SELF,Бытовые дела,Уход за собой
Помогаю брату строить дом,2025-08-12,04:00,04:15,,SELF,Бытовые дела,Уход за собой
Помогаю брату строить дом,2025-08-12,04:15,04:30,,SELF,Бытовые дела,Уход за собой
Помогаю брату строить дом,2025-08-12,04:30,04:45,,SELF,Бытовые дела,Уход за собой
Помогаю брату строить дом,2025-08-12,04:45,05:00,,SELF,Бытовые дела,Уход за собой
Помогаю брату строить дом,2025-08-12,05:00,05:15,,SELF,Бытовые дела,Уход за собой
Помогаю брату строить дом,2025-08-12,05:15,05:30,,SELF,Бытовые дела,Уход за собой
Помогаю брату строить дом,2025-08-12,05:30,05:45,,SELF,Бытовые дела,Уход за собой
Помогаю брату строить дом,2025-08-12,05:45,06:00,,SELF,Бытовые дела,Уход за собой
Помогаю брату строить дом,2025-08-12,06:00,06:15,,SELF,Бытовые дела,Уход за собой
Помогаю брату строить дом,2025-08-12,06:15,06:30,,SELF,Бытовые дела,Уход за собой
Помогаю брату строить дом,2025-08-12,06:30,06:45,,SELF,Бытовые дела,Уход за собой
Помогаю брату строить дом,2025-08-12,06:45,07:00,,SELF,Бытовые дела,Уход за собой
Помогаю брату строить дом,2025-08-12,07:00,07:15,,SELF,Бытовые дела,Уход за собой
Помогаю брату строить дом,2025-08-12,07:15,07:30,,SELF,Бытовые дела,Уход за собой
Помогаю брату строить дом,2025-08-12,07:30,07:45,,SELF,Бытовые дела,Уход за собой
Помогаю брату строить дом,2025-08-12,07:45,08:00,,SELF,Бытовые дела,Уход за собой
Помогаю брату строить дом,2025-08-12,08:00,08:15,,SELF,Бытовые дела,Уход за собой
Отдых,2025-08-12,08:15,08:30,,SELF,Отдых и развлечения,Уход за собой
Отдых,2025-08-12,08:30,08:45,,SELF,Отдых и развлечения,Уход за собой
Отдых,2025-08-12,08:45,09:00,,SELF,Отдых и развлечения,Уход за собой
Отдых,2025-08-12,09:00,09:15,,SELF,Отдых и развлечения,Уход за собой
Отдых,2025-08-12,09:15,09:30,,SELF,Отдых и развлечения,Уход за собой
Отдых,2025-08-12,09:30,09:45,,SELF,Отдых и развлечения,Уход за собой
Отдых,2025-08-12,09:45,10:00,,SELF,Отдых и развлечения,Уход за собой
Отдых,2025-08-12,10:00,10:15,,SELF,Отдых и развлечения,Уход за собой
Отдых,2025-08-12,10:15,10:30,,SELF,Отдых и развлечения,Уход за собой
Отдых,2025-08-12,10:30,10:45,,SELF,Отдых и развлечения,Уход за собой
Отдых,2025-08-12,10:45,11:00,,SELF,Отдых и развлечения,Уход за собой
Отдых,2025-08-12,11:00,11:15,,SELF,Отдых и развлечения,Уход за собой
Отдых,2025-08-12,11:15,11:30,,SELF,Отдых и развлечения,Уход за собой
Отдых,2025-08-12,11:30,11:45,,SELF,Отдых и развлечения,Уход за собой
Отдых,2025-08-12,11:45,12:00,,SELF,Отдых и развлечения,Уход за собой
Отдых,2025-08-12,12:00,12:15,,SELF,Отдых и развлечения,Уход за собой
Отдых,2025-08-12,12:15,12:30,,SELF,Отдых и развлечения,Уход за собой
Отдых,2025-08-12,12:30,12:45,,SELF,Отдых и развлечения,Уход за собой
Отдых,2025-08-12,12:45,13:00,,SELF,Отдых и развлечения,Уход за собой
Отдых,2025-08-12,13:00,13:15,,SELF,Отдых и развлечения,Уход за собой
Отдых,2025-08-12,13:15,13:30,,SELF,Отдых и развлечения,Уход за собой
Отдых,2025-08-12,13:30,13:45,,SELF,Отдых и развлечения,Уход за собой
Отдых,2025-08-12,13:45,14:00,,SELF,Отдых и развлечения,Уход за собой
Отдых,2025-08-12,14:00,14:15,,SELF,Отдых и развлечения,Уход за собой
Отдых,2025-08-12,14:15,14:30,,SELF,Отдых и развлечения,Уход за собой
Отдых,2025-08-12,14:30,14:45,,SELF,Отдых и развлечения,Уход за собой
Отдых,2025-08-12,14:45,15:00,,SELF,Отдых и развлечения,Уход за собой
Отдых,2025-08-12,15:00,15:15,,SELF,Отдых и развлечения,Уход за собой
Сон,2025-08-12,15:15,15:30,,SELF,Сон и восстановление,Уход за собой
Сон,2025-08-12,15:30,15:45,,SELF,Сон и восстановление,Уход за собой
Сон,2025-08-12,15:45,16:00,,SELF,Сон и восстановление,Уход за собой
Сон,2025-08-12,16:00,16:15,,SELF,Сон и восстановление,Уход за собой
Сон,2025-08-12,16:15,16:30,,SELF,Сон и восстановление,Уход за собой
Сон,2025-08-12,16:30,16:45,,SELF,Сон и восстановление,Уход за собой
Сон,2025-08-12,16:45,17:00,,SELF,Сон и восстановление,Уход за собой
Сон,2025-08-12,17:00,17:15,,SELF,Сон и восстановление,Уход за собой
Сон,2025-08-13,01:00,01:15,,SELF,Сон и восстановление,Уход за собой
-/-,2025-08-13,01:15,01:30,,SELF,Сон и восстановление,Уход за собой
-/-,2025-08-13,01:30,01:45,,SELF,Сон и восстановление,Уход за собой
Подъём,2025-08-13,01:45,02:00,,SELF,Сон и восстановление,Уход за собой
-/-,2025-08-13,02:00,02:15,,SELF,Сон и восстановление,Уход за собой
-/-,2025-08-13,02:15,02:30,,SELF,Сон и восстановление,Уход за собой
Планирование,2025-08-13,02:30,02:45,,SELF,Планирование и рефлексия,Мощное творчество
AI.WOLF,2025-08-13,02:45,03:00,,SELF,Разработка WOLF,Мощное творчество
AI.WOLF,2025-08-13,03:00,03:15,,SELF,Разработка WOLF,Мощное творчество
AI.WOLF,2025-08-13,03:15,03:30,,SELF,Разработка WOLF,Мощное творчество
AI.WOLF,2025-08-13,03:30,03:45,,SELF,Разработка WOLF,Мощное творчество
AI.WOLF,2025-08-13,03:45,04:00,,SELF,Разработка WOLF,Мощное творчество
AI.WOLF,2025-08-13,04:00,04:15,,SELF,Разработка WOLF,Мощное творчество
AI.WOLF,2025-08-13,04:15,04:30,,SELF,Разработка WOLF,Мощное творчество
AI.WOLF,2025-08-13,04:30,04:45,,SELF,Разработка WOLF,Мощное творчество
AI.WOLF,2025-08-13,04:45,05:00,,SELF,Разработка WOLF,Мощное творчество
AI.WOLF,2025-08-13,05:00,05:15,,SELF,Разработка WOLF,Мощное творчество
AI.WOLF,2025-08-13,05:15,05:30,,SELF,Разработка WOLF,Мощное творчество
AI.WOLF,2025-08-13,05:30,05:45,,SELF,Разработка WOLF,Мощное творчество
AI.WOLF,2025-08-13,05:45,06:00,,SELF,Разработка WOLF,Мощное творчество
AI.WOLF,2025-08-13,06:00,06:15,,SELF,Разработка WOLF,Мощное творчество
AI.WOLF,2025-08-13,06:15,06:30,,SELF,Разработка WOLF,Мощное творчество
AI.WOLF,2025-08-13,06:30,06:45,,SELF,Разработка WOLF,Мощное творчество
AI.WOLF,2025-08-13,06:45,07:00,,SELF,Разработка WOLF,Мощное творчество
AI.WOLF,2025-08-13,07:00,07:15,,SELF,Разработка WOLF,Мощное творчество
в дороге,2025-08-13,09:00,09:15,,SELF,Бытовые дела,Уход за собой
-/-,2025-08-13,09:15,09:30,,SELF,Сон и восстановление,Уход за собой
-/-,2025-08-13,09:30,09:45,,SELF,Сон и восстановление,Уход за собой
-/-,2025-08-13,09:45,10:00,,SELF,Сон и восстановление,Уход за собой
Занятия Экстрим-вокал,2025-08-13,10:00,10:15,,SELF,Обучение профессии музыкант,Мощное творчество
-/-,2025-08-13,10:15,10:30,,SELF,Сон и восстановление,Уход за собой
-/-,2025-08-13,10:30,10:45,,SELF,Сон и восстановление,Уход за собой
-/-,2025-08-13,10:45,11:00,,SELF,Сон и восстановление,Уход за собой
в дороге,2025-08-13,11:00,11:15,,SELF,Бытовые дела,Уход за собой
-/-,2025-08-13,11:15,11:30,,SELF,Сон и восстановление,Уход за собой
-/-,2025-08-13,11:30,11:45,,SELF,Сон и восстановление,Уход за собой
-/-,2025-08-13,11:45,12:00,,SELF,Сон и восстановление,Уход за собой
Сон,2025-08-14,01:00,01:15,,SELF,Сон и восстановление,Уход за собой
-/-,2025-08-14,01:15,01:30,,SELF,Сон и восстановление,Уход за собой
-/-,2025-08-14,01:30,01:45,,SELF,Сон и восстановление,Уход за собой
Подъём,2025-08-14,01:45,02:00,,SELF,Сон и восстановление,Уход за собой
-/-,2025-08-14,02:00,02:15,,SELF,Сон и восстановление,Уход за собой
-/-,2025-08-14,02:15,02:30,,SELF,Сон и восстановление,Уход за собой
-/-,2025-08-14,02:30,02:45,,SELF,Сон и восстановление,Уход за собой
-/-,2025-08-14,02:45,03:00,,SELF,Сон и восстановление,Уход за собой
Завтрак,2025-08-14,03:00,03:15,,SELF,Питание,Уход за собой
-/-,2025-08-14,03:15,03:30,,SELF,Сон и восстановление,Уход за собой
-/-,2025-08-14,03:30,03:45,,SELF,Сон и восстановление,Уход за собой
Сон,2025-08-15,01:00,01:15,,SELF,Сон и восстановление,Уход за собой
-/-,2025-08-15,01:15,01:30,,SELF,Сон и восстановление,Уход за собой
-/-,2025-08-15,01:30,01:45,,SELF,Сон и восстановление,Уход за собой
Подъём,2025-08-15,01:45,02:00,,SELF,Сон и восстановление,Уход за собой
-/-,2025-08-15,02:00,02:15,,SELF,Сон и восстановление,Уход за собой
-/-,2025-08-15,02:15,02:30,,SELF,Сон и восстановление,Уход за собой
-/-,2025-08-15,02:30,02:45,,SELF,Сон и восстановление,Уход за собой
в дороге,2025-08-15,04:15,04:30,,SELF,Бытовые дела,Уход за собой
в дороге,2025-08-15,04:30,04:45,,SELF,Бытовые дела,Уход за собой
в дороге,2025-08-15,04:45,05:00,,SELF,Бытовые дела,Уход за собой
Приём,2025-08-15,05:00,05:15,,SELF,Бытовые дела,Уход за собой
Приём,2025-08-15,05:15,05:30,,SELF,Бытовые дела,Уход за собой
Приём,2025-08-15,05:30,05:45,,SELF,Бытовые дела,Уход за собой
Приём,2025-08-15,05:45,06:00,,SELF,Бытовые дела,Уход за собой
в дороге,2025-08-15,06:00,06:15,,SELF,Бытовые дела,Уход за собой
в дороге,2025-08-15,06:15,06:30,,SELF,Бытовые дела,Уход за собой
в дороге,2025-08-15,06:30,06:45,,SELF,Бытовые дела,Уход за собой
в дороге,2025-08-15,06:45,07:00,,SELF,Бытовые дела,Уход за собой
